Person Responsible,Check By,Drawings Complete,Cost Report Complete?,Weight (Kg),Area of Commodity,Class,Part Control No.,Commodity Code,"Assembly/Part #
 (Use in Cost Report)",Revision,Status,"Combined Part # 
(Use in 3Dx FIle Naming)",QTY,Assembly,Sub-Assembly / Component Name
,,No,No,,Brake System,Assembly,10100,BR,A0101,AA,Current,BR-A0101-AA,,Balance Bar,
,,No,No,,Brake System,Part,10101,BR,10101,AA,Current,BR-10101-AA,,,Balance Bar (Wilwood)
,,No,No,,Brake System,Part,10102,BR,10102,AA,Current,BR-10102-AA,,,Balance Bar Sleeve
,,No,No,,Brake System,Assembly,10200,BR,A0102,AA,Current,BR-A0102-AA,,Brake Lines,
,,No,No,,Brake System,Part,10201,BR,10201,AA,Current,BR-10201-AA,,,Caliper Braided Hose Lines
,,No,No,,Brake System,Part,10202,BR,10202,AA,Current,BR-10202-AA,,,Pedal Box Braided Hose Lines
,,No,No,,Brake System,Part,10203,BR,10203,AA,Current,BR-10203-AA,,,Front Connecting Hard Line
,,No,No,,Brake System,Part,10204,BR,10204,AA,Current,BR-10204-AA,,,Front Left Hard Line
,,No,No,,Brake System,Part,10205,BR,10205,AA,Current,BR-10205-AA,,,Front Right Hard Line
,,No,No,,Brake System,Part,10206,BR,10206,AA,Current,BR-10206-AA,,,Rear Connecting Hard Line
,,No,No,,Brake System,Part,10207,BR,10207,AA,Current,BR-10207-AA,,,Rear Left Hard Line
,,No,No,,Brake System,Part,10208,BR,10208,AA,Current,BR-10208-AA,,,Rear Right Hard Line
,,No,No,,Brake System,Assembly,10300,BR,A0103,AA,Current,BR-A0103-AA,,Brake Pads,
,,No,No,,Brake System,Part,10301,BR,10301,AA,Current,BR-10301-AA,,,Brake Pads CP4226D27-RQ3
,,No,No,,Brake System,Assembly,10400,BR,A0104,AA,Current,BR-A0104-AA,,Brake Reservoirs ,
,,No,No,,Brake System,Part,10401,BR,10401,AA,Current,BR-10401-AA,,,Brake Reservoirs 
,,No,No,,Brake System,Part,10402,BR,10402,AA,Current,BR-10402-AA,,,Brake Fluid
,,No,No,,Brake System,Assembly,10500,BR,A0105,AA,Current,BR-A0105-AA,,Calipers,
,,No,No,,Brake System,Part,10501,BR,10501,AA,Current,BR-10501-AA,,,Front Brake Caliper
,,No,No,,Brake System,Part,10502,BR,10502,AA,Current,BR-10502-AA,,,Rear Brake Caliper
,,No,No,,Brake System,Assembly,10600,BR,A0106,AA,Current,BR-A0106-AA,,Brake Discs,
,,No,No,,Brake System,Part,10601,BR,10601,AA,Current,BR-10601-AA,,,Front Brake Rotor
,,No,No,,Brake System,Part,10602,BR,10602,AA,Current,BR-10602-AA,,,Rear Brake Rotors
,,No,No,,Brake System,Part,10603,BR,10603,AA,Current,BR-10603-AA,,,Brake Buttons
,,No,No,,Brake System,Assembly,10700,BR,A0107,AA,Current,BR-A0107-AA,,Master Cylinder,
,,No,No,,Brake System,Part,10701,BR,10701,AA,Current,BR-10701-AA,,,Front Master Cylinder CP7855-905PRTE
,,No,No,,Brake System,Part,10702,BR,10702,AA,Current,BR-10702-AA,,,Rear Master Cylinder CP7855-93PRTE
,,No,No,,Brake System,Assembly,10800,BR,A0108,AA,Current,BR-A0108-AA,,Brake Temperature Sensor Enclosure,
,,No,No,,Brake System,Part,10801,BR,10801,AA,Current,BR-10801-AA,,,Brake Temperature Sensor Enclosure (IZZE)
,,No,No,,Drivetrain,Assembly,20100,DT,A0201,AA,Current,DT-A0201-AA,,Air Filter,
,,No,No,,Drivetrain,Part,20101,DT,20101,AA,Current,DT-20101-AA,,,Air Filter Mesh
,,No,No,,Drivetrain,Assembly,20200,DT,A0202,AA,Current,DT-A0202-AA,,Axles/CV Joints,
,,No,No,,Drivetrain,Part,20201,DT,20201,AA,Current,DT-20201-AA,,,Left Axle
,,No,No,,Drivetrain,Part,20202,DT,20202,AA,Current,DT-20202-AA,,,Right Axle
,,No,No,,Drivetrain,Part,20203,DT,20203,AA,Current,DT-20203-AA,,,Axle Plunger
,,No,No,,Drivetrain,Part,20204,DT,20204,AA,Current,DT-20204-AA,,,Tripod CV Bearing
,,No,No,,Drivetrain,Part,20205,DT,20205,AA,Current,DT-20205-AA,,,Axle Circlip
,,No,No,,Drivetrain,Part,20206,DT,20206,AA,Current,DT-20206-AA,,,"Bellow, Axle CV"
,,No,No,,Drivetrain,Assembly,20300,DT,A0203,AA,OBSOLETE,DT-A0203-AA,,Carburetor,
,,No,No,,Drivetrain,Part,20301,DT,20301,AA,OBSOLETE,DT-20301-AA,,,
,,No,No,,Drivetrain,Assembly,20400,DT,A0204,AA,Current,DT-A0204-AA,,Chain,
,,No,No,,Drivetrain,Part,20401,DT,20401,AA,Current,DT-20401-AA,,,520 Chain xxx Link
,,No,No,,Drivetrain,Assembly,20500,DT,A0205,AA,Current,DT-A0205-AA,,Coolant,
,,No,No,,Drivetrain,Part,20501,DT,20501,AA,Current,DT-20501-AA,,,Water /L
,,No,No,,Drivetrain,Assembly,20600,DT,A0206,AA,Current,DT-A0206-AA,,Coolant Lines,
,,No,No,,Drivetrain,Part,20601,DT,20601,AA,Current,DT-20601-AA,,,"135 Degree Silicone Bend 1"" ID"
,,No,No,,Drivetrain,Part,20602,DT,20602,AA,Current,DT-20602-AA,,,"90 Degree Silicone Bend 1"" ID"
,,No,No,,Drivetrain,Part,20603,DT,20603,AA,Current,DT-20603-AA,,,"135 Degree Silicone BEnd 1/2"" ID"
,,No,No,,Drivetrain,Part,20604,DT,20604,AA,Current,DT-20604-AA,,,"90 Degree Silicone BEnd 1/2"" ID"
,,No,No,,Drivetrain,Part,20605,DT,20605,AA,Current,DT-20605-AA,,,"Silicone Coupler 1"" ID"
,,No,No,,Drivetrain,Part,20606,DT,20606,AA,Current,DT-20606-AA,,,"Silicone Coupler 1/2"" ID"
,,No,No,,Drivetrain,Part,20607,DT,20607,AA,Current,DT-20607-AA,,,"1"" OD Coolant Hardline 1"
,,No,No,,Drivetrain,Part,20608,DT,20608,AA,Current,DT-20608-AA,,,"1"" OD Coolant Hardline 2"
,,No,No,,Drivetrain,Part,20609,DT,20609,AA,Current,DT-20609-AA,,,"1"" OD Coolant Hardline 3"
,,No,No,,Drivetrain,Part,20610,DT,20610,AA,Current,DT-20610-AA,,,"1"" OD Coolant Hardline 4"
,,No,No,,Drivetrain,Part,20611,DT,20611,AA,Current,DT-20611-AA,,,"1"" OD Coolant Hardline 5"
,,No,No,,Drivetrain,Part,20612,DT,20612,AA,Current,DT-20612-AA,,,"1"" OD Coolant Hardline 6"
,,No,No,,Drivetrain,Part,20613,DT,20613,AA,Current,DT-20613-AA,,,"1"" OD Coolant Hardline 7"
,,No,No,,Drivetrain,Part,20614,DT,20614,AA,Current,DT-20614-AA,,,"1/2"" OD Coolant Hardline 1"
,,No,No,,Drivetrain,Part,20615,DT,20615,AA,Current,DT-20615-AA,,,"1/2"" OD Coolant Hardline 2"
,,No,No,,Drivetrain,Part,20616,DT,20616,AA,Current,DT-20616-AA,,,"1/2"" OD Coolant Hardline 3"
,,No,No,,Drivetrain,Part,20617,DT,20617,AA,Current,DT-20617-AA,,,Y Fitting
,,No,No,,Drivetrain,Part,20618,DT,20618,AA,Current,DT-20618-AA,,,Swirl Pot
,,No,No,,Drivetrain,Part,20619,DT,20619,AA,Current,DT-20619-AA,,,Radiator Cap
,,No,No,,Drivetrain,Part,20620,DT,20620,AA,Current,DT-20620-AA,,,Swirl Pot Bracket
,,No,No,,Drivetrain,Part,20621,DT,20621,AA,Current,DT-20621-AA,,,CTS Bung
,,No,No,,Drivetrain,Assembly,20700,DT,A0207,AA,OBSOLETE,DT-A0207-AA,,CV Joints,
,,No,No,,Drivetrain,Part,20701,DT,20701,AA,OBSOLETE,DT-20701-AA,,,
,,No,No,,Drivetrain,Assembly,20800,DT,A0208,AA,Current,DT-A0208-AA,,Drivetrain Sub Assy.,
,,No,No,,Drivetrain,Part,20801,DT,20801,AA,Current,DT-20801-AA,,,Drexler Differential
,,No,No,,Drivetrain,Part,20802,DT,20802,AA,Current,DT-20802-AA,,,Inboard Tripod Housing
,,No,No,,Drivetrain,Part,20803,DT,20803,AA,Current,DT-20803-AA,,,Left Differential Carrier Support
,,No,No,,Drivetrain,Part,20804,DT,20804,AA,Current,DT-20804-AA,,,Right Differential Carrier Support
,,No,No,,Drivetrain,Part,20805,DT,20805,AA,Current,DT-20805-AA,,,Left Support Flanged Insert
,,No,No,,Drivetrain,Part,20806,DT,20806,AA,Current,DT-20806-AA,,,Right Support Flanged Insert
,,No,No,,Drivetrain,Part,20807,DT,20807,AA,Current,DT-20807-AA,,,Jacking Bar
,,No,No,,Drivetrain,Part,20808,DT,20808,AA,Current,DT-20808-AA,,,Left Differential Bearing (6211-2RS1/C3)
,,No,No,,Drivetrain,Part,20809,DT,20809,AA,Current,DT-20809-AA,,,Right Differential Bearing (6010-2RS1/C3)
,,No,No,,Drivetrain,Part,20810,DT,20810,AA,Current,DT-20810-AA,,,Left Differential Fixed Support
,,No,No,,Drivetrain,Part,20811,DT,20811,AA,Current,DT-20811-AA,,,Right Differential Fixed Support
,,No,No,,Drivetrain,Part,20812,DT,20812,AA,Current,DT-20812-AA,,,Differential Shim
,,No,No,,Drivetrain,Assembly,20900,DT,A0209,AA,OBSOLETE,DT-A0209-AA,,Differential Bearings,
,,No,No,,Drivetrain,Assembly,21000,DT,A0210,AA,OBSOLETE,DT-A0210-AA,,Differential Mounts Assy.,
,,No,No,,Drivetrain,Assembly,21100,DT,A0211,AA,Current,DT-A0211-AA,,Engine Assy.,
,,No,No,,Drivetrain,Part,21101,DT,21101,AA,Current,DT-21101-AA,,,Triumph 675 Engine
,,No,No,,Drivetrain,Part,21102,DT,21102,AA,Current,DT-21102-AA,,,Wet Sump Oil Pan
,,No,No,,Drivetrain,Part,21103,DT,21103,AA,Current,DT-21103-AA,,,Wet Sump Anti-slosh Baffle
,,No,No,,Drivetrain,Part,21104,DT,21104,AA,Current,DT-21104-AA,,,Wet Sump Anti-slosh Trap Door Standard
,,No,No,,Drivetrain,Part,21105,DT,21105,AA,Current,DT-21105-AA,,,"Wet Sump Anti-slosh Trap Door, Pump"
,,No,No,,Drivetrain,Part,21106,DT,21106,AA,Current,DT-21106-AA,,,"Wet Sump Anti-slosh Trap Door, Pickup"
,,No,No,,Drivetrain,Part,21107,DT,21107,AA,Current,DT-21107-AA,,,Wet Sump Coolant Pump Weep Tube
,,No,No,,Drivetrain,Part,21108,DT,21108,AA,Current,DT-21108-AA,,,Oil Pickup
,,No,No,,Drivetrain,Fastener,21109,FS,21109,AA,Current,FS-21109-AA,,,314 Stainless M6x1.0 80mm Countersunk Hex Bolts
,,No,No,,Drivetrain,Fastener,21110,FS,21110,AA,Current,FS-21110-AA,,,Zinc-Plated M4x15mm Socket Head Cap Screws
,,No,No,,Drivetrain,Part,21111,DT,21111,AA,Current,DT-21111-AA,,,M10x1.5mm Magnetic Drain Plug
,,No,No,,Drivetrain,Fastener,21112,FS,21112,AA,Current,FS-21112-AA,,,M10 Copper Washer
,,No,No,,Drivetrain,Part,21113,DT,21113,AA,Current,DT-21113-AA,,,-10AN ORB to AN Fitting
,,No,No,,Drivetrain,Part,21114,DT,21114,AA,Current,DT-21114-AA,,,-10AN Cap
,,No,No,,Drivetrain,Part,21115,DT,21115,AA,OBSOLETE,DT-21115-AA,,,Dailey Engineering Scavenge Pump
,,No,No,,Drivetrain,Part,21116,DT,21116,AA,OBSOLETE,DT-21116-AA,,,Coolant Outlet Port
,,No,No,,Drivetrain,Part,21117,DT,21117,AA,OBSOLETE,DT-21117-AA,,,Coolant Inlet Port
,,No,No,,Drivetrain,Assembly,21200,DT,A0212,AA,Current,DT-A0212-AA,,Engine Mounts,
,,No,No,,Drivetrain,Part,21201,DT,21201,AA,Current,DT-21201-AA,,Front Right,Engine Mount Spacer: 7.28 mm
,,No,No,,Drivetrain,Part,21202,DT,21202,AA,Current,DT-21202-AA,,Front Left,Engine Mount Spacer: 11.38 mm
,,No,No,,Drivetrain,Part,21203,DT,21203,AA,Current,DT-21203-AA,,Top Right,Engine Mount Spacer: 6.25 mm
,,No,No,,Drivetrain,Part,21204,DT,21204,AA,Current,DT-21204-AA,,Top Left Outboard,Engine Mount Spacer: 6.82 mm
,,No,No,,Drivetrain,Part,21205,DT,21205,AA,Current,DT-21205-AA,,Top Left Inboard,Engine Mount Spacer: 11 mm
,,No,No,,Drivetrain,Part,21206,DT,21206,AA,Current,DT-21206-AA,,Bottom Right Outboard,Engine Mount Spacer: 6.37 mm
,,No,No,,Drivetrain,Part,21207,DT,21207,AA,Current,DT-21207-AA,,Bottom Right Inboard,Engine Mount Spacer: 8.50 mm
,,No,No,,Drivetrain,Part,21208,DT,21208,AA,Current,DT-21208-AA,,Bottom Left Outboard,Engine Mount Spacer: 11.95 mm
,,No,No,,Drivetrain,Part,21209,DT,21209,AA,Current,DT-21209-AA,,Bottom Left Inboard,Engine Mount Spacer: 20.50 mm
,,No,No,,Drivetrain,Part,21210,DT,21210,AA,Current,DT-21210-AA,,Rear,Engine Mount Bolt: M10x1.5 200mm
,,No,No,,Drivetrain,Part,21211,DT,21211,AA,OBSOLETE,DT-21211-AA,,,
,,No,No,,Drivetrain,Part,21212,DT,21212,AA,Current,DT-21212-AA,,Bottom / Front,Engine Mount Bolt: M10x1.5 90mm
,,No,No,,Drivetrain,Part,21213,DT,21213,AA,Current,DT-21213-AA,,Top/Front R/L,Engine Mount Nut: M10
,,No,No,,Drivetrain,Part,21214,DT,21214,AA,OBSOLETE,DT-21214-AA,,,
,,No,No,,Drivetrain,Assembly,21300,DT,A0213,AA,Current,DT-A0213-AA,,Engine / Diff Oil,
,,No,No,,Drivetrain,Part,21301,DT,21301,AA,Current,DT-21301-AA,,,Motul 7100 4T 10w40 / L
,,No,No,,Drivetrain,Part,21302,DT,21302,AA,Current,DT-21302-AA,,,Redline 75w90 / L
,,No,No,,Drivetrain,Assembly,21400,DT,A0214,AA,Current,DT-A0214-AA,,Exhaust Manifold Assy.,
,,No,No,,Drivetrain,Part,21401,DT,21401,AA,Current,DT-21401-AA,,,Exhaust Manifold
,,No,No,,Drivetrain,Part,21402,DT,21402,AA,Current,DT-21402-AA,,,Exhaust Manifold Gasket
,,No,No,,Drivetrain,Part,21403,DT,21403,AA,Current,DT-21403-AA,,,"Exhaust Manifold V-Band Clamp 2"""
,,No,No,,Drivetrain,Part,21404,DT,21404,AA,OBSOLETE,DT-21404-AA,,,Exhaust Manifold Retaining Spring
,,No,No,,Drivetrain,Part,21405,DT,21405,AA,Current,DT-21405-AA,,,Exhaust Manifold Head Shield
,,No,No,,Drivetrain,Part,21406,DT,21406,AA,Current,DT-21406-AA,,,Exhaust 3 to 1 Collector
,,No,No,,Drivetrain,Fastener,21407,FS,21407,AA,Current,FS-21407-AA,,,M4 Nut
,,No,No,,Drivetrain,Fastener,21408,FS,21408,AA,Current,FS-21408-AA,,,M4 Fastener 20mm
,,No,No,,Drivetrain,Assembly,21500,DT,A0215,AA,Current,DT-A0215-AA,,"Fuel Assy. (Fuel Rail, Lines, Filter, Injectors)",
,,No,No,,Drivetrain,Part,21501,DT,21501,AA,Current,DT-21501-AA,,,Fuel Filter
,,No,No,,Drivetrain,Part,21502,DT,21502,AA,Current,DT-21502-AA,,,Fuel Injector
,,No,No,,Drivetrain,Part,21503,DT,21503,AA,Current,DT-21503-AA,,,Fuel Injector Upper O-Ring
,,No,No,,Drivetrain,Part,21504,DT,21504,AA,Current,DT-21504-AA,,,Fuel Injector Lower O-Ring
,,No,No,,Drivetrain,Part,21505,DT,21505,AA,Current,DT-21505-AA,,,Fuel Rail
,,No,No,,Drivetrain,Part,21506,DT,21506,AA,OBSOLETE,DT-21506-AA,,,Fuel Rail Bracket
,,No,No,,Drivetrain,Part,21507,DT,21507,AA,Current,DT-21507-AA,,,Fuel Line: Tank to Regulator
,,No,No,,Drivetrain,Part,21508,DT,21508,AA,Current,DT-21508-AA,,,Fuel Line: Regulator to Fuel Rail
,,No,No,,Drivetrain,Part,21509,DT,21509,AA,Current,DT-21509-AA,,,Fuel Line: Regulator Return + Flex Fuel Sensor
,,No,No,,Drivetrain,Assembly,21600,DT,A0216,AA,Current,DT-A0216-AA,,Fuel Injectors,
,,No,No,,Drivetrain,Assembly,21700,DT,A0217,AA,Current,DT-A0217-AA,,Fuel Lines/Rails Assy.,
,,No,No,,Drivetrain,Assembly,21800,DT,A0218,AA,Current,DT-A0218-AA,,Fuel Pressure Regulator,
,,No,No,,Drivetrain,Part,21801,DT,21801,AA,Current,DT-21801-AA,,,Fuel Pressure Regulator
,,No,No,,Drivetrain,Part,21802,DT,21802,AA,Current,DT-21802-AA,,,Fuel Pressure Regulator Bracket
,,No,No,,Drivetrain,Part,21803,DT,21803,AA,Current,DT-21803-AA,,,-6 ORB to -6 AN/JIC Adapter
,,No,No,,Drivetrain,Fastener,21804,FS,21804,AA,Current,FS-21804-AA,,,M5x10mm Bolt -Button Head -Stainless
,,No,No,,Drivetrain,Assembly,21900,DT,A0219,AA,Current,DT-A0219-AA,,Fuel Tank Assy.,
,,No,No,,Drivetrain,Part,21901,DT,21901,AA,Current,DT-21901-AA,,,Fuel Pump
,,No,No,,Drivetrain,Part,21902,DT,21902,AA,Current,DT-21902-AA,,,Holley Hydramat
,,No,No,,Drivetrain,Part,21903,DT,21903,AA,Current,DT-21903-AA,,,Rubber Hose [50 mm]
,,No,No,,Drivetrain,Part,21904,DT,21904,AA,Current,DT-21904-AA,,,Fuel Pump Adapter Fitting
,,No,No,,Drivetrain,Part,21905,DT,21905,AA,Current,DT-21905-AA,,,"Adapter: 3/8"" NPT to 5/16"" Barb"
,,No,No,,Drivetrain,Part,21906,DT,21906,AA,Current,DT-21906-AA,,,Fuel Tank
,,No,No,,Drivetrain,Part,21907,DT,21907,AA,Current,DT-21907-AA,,,Clear Filler Tube
,,No,No,,Drivetrain,Part,21908,DT,21908,AA,Current,DT-21908-AA,,,Fuel Filler Cap
,,No,No,,Drivetrain,Part,21909,DT,21909,AA,Current,DT-21909-AA,,,Fuel Bulkhead
,,No,No,,Drivetrain,Part,21910,DT,21910,AA,Current,DT-21910-AA,,,Fuel Filler Neck Tube
,,No,No,,Drivetrain,Part,21911,DT,21911,AA,Current,DT-21911-AA,,,Tank Mounting Bracket (Back/Right)
,,No,No,,Drivetrain,Part,21912,DT,21912,AA,Current,DT-21912-AA,,,Tank Mounting Bracket (Left)
,,No,No,,Drivetrain,Part,21913,DT,21913,AA,Current,DT-21913-AA,,,Pump Mount
,,No,No,,Drivetrain,Part,21914,DT,21914,AA,Current,DT-21914-AA,,,Bulkhead Gasket
,,No,No,,Drivetrain,Fastener,21915,FS,21915,AA,Current,FS-21915-AA,,,Bolt: M4x20mm -Socket Cap -Stainless
,,No,No,,Drivetrain,Fastener,21916,FS,21916,AA,Current,FS-21916-AA,,,Bolt: M4x15mm - Black Oxide
,,No,No,,Drivetrain,Fastener,21917,FS,21917,AA,Current,FS-21917-AA,,,Rivet Nut: M4 - Stainless
,,No,No,,Drivetrain,Part,21918,DT,21918,AA,Current,DT-21918-AA,,,Fuel Cap Check Valve
,,No,No,,Drivetrain,Assembly,22000,DT,A0220,AA,OBSOLETE,DT-A0220-AA,,Fuel Tank Assy.,
,,No,No,,Drivetrain,Assembly,22100,DT,A0221,AA,OBSOLETE,DT-A0221-AA,,Fuel Vent/Check Valve,
,,No,No,,Drivetrain,Assembly,22200,DT,A0222,AA,Current,DT-A0222-AA,,Hose Clamps,
,,No,No,,Drivetrain,Part,22201,DT,22201,AA,Current,DT-22201-AA,,,Clear Filler Tube Clamp
,,No,No,,Drivetrain,Part,22202,DT,22202,AA,Current,DT-22202-AA,,,"Cooling System Hose Clamp 1.50"""
,,No,No,,Drivetrain,Part,22203,DT,22203,AA,Current,DT-22203-AA,,,"Oil Reservoir Hose Clamp 6"""
,,No,No,,Drivetrain,Part,22204,DT,22204,AA,Current,DT-22204-AA,,,"Nitrogen Tank Hose Clamp 8"""
,,No,No,,Drivetrain,Part,22205,DT,22205,AA,Current,DT-22205-AA,,,Fuel Tank Internal Miniature Bolt Clamp
,,No,No,,Drivetrain,Part,22206,DT,22206,AA,Current,DT-22206-AA,,,Fuel Tank Pump Module Clamp
,,No,No,,Drivetrain,Part,22207,DT,22207,AA,Current,DT-22207-AA,,,"Cooling System Hose Clamp 3.5"""
,,No,No,,Drivetrain,Part,22208,DT,22208,AA,Current,DT-22208-AA,,,"Cooling System Hose Clamp 0.5"""
,,No,No,,Drivetrain,Assembly,22300,DT,A0223,AA,OBSOLETE,DT-A0223-AA,,Restrictor Upper Washer,*Weight including restrictor
,,No,No,,Drivetrain,Part,22301,DT,22301,AA,Current,DT-22301-AA,,,Plenum Shell Base Plate
,,No,No,,Drivetrain,Part,22302,DT,22302,AA,Current,DT-22302-AA,,,Plenum Shell
,,No,No,,Drivetrain,Part,22303,DT,22303,AA,Current,DT-22303-AA,,,Scoop Body
,,No,No,,Drivetrain,Part,22304,DT,22304,AA,Current,DT-22304-AA,,,Scoop Cover
,,No,No,,Drivetrain,Part,22305,DT,22305,AA,Current,DT-22305-AA,,,wire mesh
,,No,No,,Drivetrain,Part,22306,DT,22306,AA,Current,DT-22306-AA,,,Gasket - Plenum Base
,,No,No,,Drivetrain,Part,22307,DT,22307,AA,Current,DT-22307-AA,,,Gasket - Restrictor Base
,,No,No,,Drivetrain,Part,22308,DT,22308,AA,Current,DT-22308-AA,,,Plenum Shell Bolting Plate
,,No,No,,Drivetrain,Part,22309,DT,22309,AA,Current,DT-22309-AA,,,"Intake Support, Left"
,,No,No,,Drivetrain,Part,22310,DT,22310,AA,Current,DT-22310-AA,,,"Intake Support, Right"
,,No,No,,Drivetrain,Part,22311,DT,22311,AA,Current,DT-22311-AA,,,Plenum Runner Left
,,No,No,,Drivetrain,Part,22312,DT,22312,AA,Current,DT-22312-AA,,,Plenum Runner Center
,,No,No,,Drivetrain,Part,22313,DT,22313,AA,Current,DT-22313-AA,,,Plenum Runner Right
,,No,No,,Drivetrain,Part,22314,DT,22314,AA,Current,DT-22314-AA,,,Restrictor base
,,No,No,,Drivetrain,Part,22315,DT,22315,AA,Current,DT-22315-AA,,,Fuel Rail Spacer
,,No,No,,Drivetrain,Part,22316,DT,22316,AA,Current,DT-22316-AA,,,Fuel injector sleeve
,,No,No,,Drivetrain,Part,22317,DT,22317,AA,Current,DT-22317-AA,,,Gasket - Throttle Body Base (x2)
,,No,No,,Drivetrain,Part,22318,DT,22318,AA,Current,DT-22318-AA,,,Scoop Mesh Washer
,,No,No,,Drivetrain,Part,22319,DT,22319,AA,Current,DT-22319-AA,,,Tie Rod Tab Plate
,,No,No,,Drivetrain,Part,22320,DT,22320,AA,Current,DT-22320-AA,,,Restrictor Base Washer
,,No,No,,Drivetrain,Part,22321,DT,22321,AA,Current,DT-22321-AA,,,Scoop Base Washer
,,No,No,,Drivetrain,Part,22322,DT,22322,AA,Current,DT-22322-AA,,,Throttle Body Gasket
,,No,No,,Drivetrain,Part,22323,DT,22323,AA,Current,DT-22323-AA,,,Restrictor Upper Gasket
,,No,No,,Drivetrain,Part,22324,DT,22324,AA,Current,DT-22324-AA,,,Restrictor Lower Gasket
,,No,No,,Drivetrain,Part,22325,DT,22325,AA,Current,DT-22325-AA,,,Restrictor Upper Washer
,,No,No,,Drivetrain,Part,22326,DT,22326,AA,Current,DT-22326-AA,,,Tie Rod
,,No,No,,Drivetrain,Assembly,22400,DT,A0224,AA,Current,DT-A0224-AA,,Muffler Assy.,
,,No,No,,Drivetrain,Part,22401,DT,22401,AA,Current,DT-22401-AA,,,Muffler
,,No,No,,Drivetrain,Part,22402,DT,22402,AA,Current,DT-22402-AA,,,Tailpipe  
,,No,No,,Drivetrain,Part,22403,DT,22403,AA,Current,DT-22403-AA,,,Collector to Muffler
,,No,No,,Drivetrain,Part,22404,DT,22404,AA,Current,DT-22404-AA,,,V-Band Flange
,,No,No,,Drivetrain,Part,22405,DT,22405,AA,OBSOLETE,DT-22405-AA,,,90 Degree Bend (intake)
,,No,No,,Drivetrain,Part,22406,DT,22406,AA,OBSOLETE,DT-22406-AA,,,Intake Straight tube
,,No,No,,Drivetrain,Part,22407,DT,22407,AA,OBSOLETE,DT-22407-AA,,,Exhuast Straight tube
,,No,No,,Drivetrain,Part,22408,DT,22408,AA,OBSOLETE,DT-22408-AA,,,Perforated Pipe
,,No,No,,Drivetrain,Part,22409,DT,22409,AA,OBSOLETE,DT-22409-AA,,,90 Degree Bend (tailpipe)
,,No,No,,Drivetrain,Part,22410,DT,22410,AA,OBSOLETE,DT-22410-AA,,,Tailpipe Straight Tube
,,No,No,,Drivetrain,Part,22411,DT,22411,AA,OBSOLETE,DT-22411-AA,,,"Transition 2"" to 1.5"""
,,No,No,,Drivetrain,Part,22412,DT,22412,AA,OBSOLETE,DT-22412-AA,,,Fiberglass Packing Material
,,No,No,,Drivetrain,Part,22413,DT,22413,AA,OBSOLETE,DT-22413-AA,,,7 Degree muffler offset tube
,,No,No,,Drivetrain,Part,22414,DT,22414,AA,OBSOLETE,DT-22414-AA,,,Baffle
,,No,No,,Drivetrain,Part,22415,DT,22415,AA,OBSOLETE,DT-22415-AA,,,V Band Flange
,,No,No,,Drivetrain,Part,22416,DT,22416,AA,OBSOLETE,DT-22416-AA,,,Straight Flange after intake 90
,,No,No,,Drivetrain,Fastener,22417,FS,22417,AA,Current,FS-22417-AA,,,M5 Fastener
,,No,No,,Drivetrain,Fastener,22418,FS,22418,AA,Current,FS-22418-AA,,,M6x1.2 Hex Socket Bolt
,,No,No,,Drivetrain,Fastener,22419,FS,22419,AA,Current,FS-22419-AA,,,M6 Locknut
,,No,No,,Drivetrain,Fastener,22420,FS,22420,AA,Current,FS-22420-AA,,,M5 Weld Nuts
,,No,No,,Drivetrain,Assembly,22500,DT,A0225,AA,Current,DT-A0225-AA,,Remote Oil and Accusump,
,,No,No,,Drivetrain,Part,22501,DT,22501,AA,Current,DT-22501-AA,,,Remote Oil Filter Takeoff - Engine
,,No,No,,Drivetrain,Part,22502,DT,22502,AA,Current,DT-22502-AA,,,Remote Oil Filter Plate
,,No,No,,Drivetrain,Part,22503,DT,22503,AA,Current,DT-22503-AA,,,Remote Oil Filter Mounting Bracket
,,No,No,,Drivetrain,Part,22504,DT,22504,AA,Current,DT-22504-AA,,,Oil Line - Engine takeoff to Remote Filter Plate
,,No,No,,Drivetrain,Part,22505,DT,22505,AA,Current,DT-22505-AA,,,Oil Line - Remote Filter plate to engine out
,,No,No,,Drivetrain,Part,22506,DT,22506,AA,Current,DT-22506-AA,,,Oil Line - Accusump to Remote Filter Plate
,,No,No,,Drivetrain,Part,22507,DT,22507,AA,Current,DT-22507-AA,,,Accusump Tab
,,No,No,,Drivetrain,Part,22508,DT,22508,AA,Current,DT-22508-AA,,,"Accusump, 2Qtz"
,,No,No,,Drivetrain,Assembly,22600,DT,A0226,AA,Current,DT-A0226-AA,,Overflow Bottles,
,,No,No,,Drivetrain,Part,22601,DT,22601,AA,Current,DT-22601-AA,,,Coolant Catch Can
,,No,No,,Drivetrain,Part,22602,DT,22602,AA,Current,DT-22602-AA,,,Oil Catch Can
,,No,No,,Drivetrain,Assembly,22700,DT,A0227,AA,Current,DT-A0227-AA,,Radiator,
,,No,No,,Drivetrain,Part,22701,DT,22701,AA,Current,DT-22701-AA,,,Radiator
,,No,No,,Drivetrain,Part,22702,DT,22702,AA,Current,DT-22702-AA,,,Shroud
,,No,No,,Drivetrain,Part,22703,DT,22703,AA,Current,DT-22703-AA,,,Shroud Tab
,,No,No,,Drivetrain,Part,22704,DT,22704,AA,Current,DT-22704-AA,,,Radiator Mounting Tab 1
,,No,No,,Drivetrain,Part,22705,DT,22705,AA,Current,DT-22705-AA,,,Radiator Mounting Tab 2
,,No,No,,Drivetrain,Part,22706,DT,22706,AA,Current,DT-22706-AA,,,Radiator Mounting Tab 3
,,No,No,,Drivetrain,Part,22707,DT,22707,AA,Current,DT-22707-AA,,,Radiator Mounting Tab 4
,,No,No,,Drivetrain,Part,22708,DT,22708,AA,OBSOLETE,DT-22708-AA,,,
,,No,No,,Drivetrain,Part,22709,DT,22709,AA,OBSOLETE,DT-22709-AA,,,
,,No,No,,Drivetrain,Part,22710,DT,22710,AA,OBSOLETE,DT-22710-AA,,,
,,No,No,,Drivetrain,Part,22711,DT,22711,AA,OBSOLETE,DT-22711-AA,,,
,,No,No,,Drivetrain,Part,22712,DT,22712,AA,OBSOLETE,DT-22712-AA,,,
,,No,No,,Drivetrain,Part,22713,DT,22713,AA,OBSOLETE,DT-22713-AA,,,
,,No,No,,Drivetrain,Fastener,22714,FS,22714,AA,Current,FS-22714-AA,,,Bolt: M8x25 -Socket Cap -Stainless
,,No,No,,Drivetrain,Fastener,22715,FS,22715,AA,Current,FS-22715-AA,,,"Bolt: 1/4""-28 5/16"" -Hex Head -Yellow Zinc"
,,No,No,,Drivetrain,Fastener,22716,FS,22716,AA,Current,FS-22716-AA,,,"Bolt: 1/4""-20 3/4"" -Hex Head -Zinc"
,,No,No,,Drivetrain,Assembly,22800,DT,A0228,AA,Current,DT-A0228-AA,,Radiator Fans,
,,No,No,,Drivetrain,Part,22801,DT,22801,AA,Current,DT-22801-AA,,,"Spal 5.2"" Axial Fan"
,,No,No,,Drivetrain,Assembly,22900,DT,A0229,AA,Current,DT-A0229-AA,,Restrictor Intake Neck,
,,No,No,,Drivetrain,Part,22901,DT,22901,AA,Current,DT-22901-AA,,,
,,No,No,,Drivetrain,Assembly,23000,DT,A0230,AA,Current,DT-A0230-AA,,Shields,
,,No,No,,Drivetrain,Part,23001,DT,23001,AA,Current,DT-23001-AA,,,Chainguard
,,No,No,,Drivetrain,Part,23002,DT,23002,AA,Current,DT-23002-AA,,,Fuel Tank Heat Shield
,,No,No,,Drivetrain,Fastener,23003,FS,23003,AA,Current,FS-23003-AA,,,M6x25 Bolt -Socket Head -Stainless
,,No,No,,Drivetrain,Fastener,23004,FS,23004,AA,Current,FS-23004-AA,,,M6 Nut -Hex Head -Stainless
,,No,No,,Drivetrain,Assembly,23100,DT,A0231,AA,Current,DT-A0231-AA,,Sprocket Assy.,"Note: includes eccentrics, tripod housing"
,,No,No,,Drivetrain,Part,23101,DT,23101,AA,Current,DT-23101-AA,,,Front Sprocket 12T
,,No,No,,Drivetrain,Part,23102,DT,23102,AA,Current,DT-23102-AA,,,Rear Sproket 43T
,,No,No,,Drivetrain,Part,23103,DT,23103,AA,Current,DT-23103-AA,,,Sprocket Differential Adapter
,,No,No,,Drivetrain,Part,23104,DT,23104,AA,Current,DT-23104-AA,,,Sprocket Shear Pin
,,No,No,,Drivetrain,Part,23105,DT,23105,AA,Current,DT-23105-AA,,,Sprocket Shear Pin Washer
,,No,No,,Drivetrain,Part,23106,DT,23106,AA,Current,DT-23106-AA,,,Sprocket Retaining Ring
,,No,No,,Drivetrain,Fastener,23107,FS,23107,AA,Current,FS-23107-AA,,,M4x0.7 L-30mm _ Socket Head _ Stainless
,,No,No,,Drivetrain,Fastener,23108,FS,23108,AA,Current,FS-23108-AA,,,M4 Nut _ Hex Head Stainless
,,No,No,,Drivetrain,Assembly,23200,DT,A0232,AA,Current,DT-A0232-AA,,Throttle Body,
,,No,No,,Drivetrain,Part,23201,DT,23201,AA,Current,DT-23201-AA,,,
,,No,No,,Drivetrain,Part,23202,DT,23202,AA,OBSOLETE,DT-23202-AA,,,BF Valve Body
,,No,No,,Drivetrain,Part,23203,DT,23203,AA,Current,DT-23203-AA,,,Throttle Restrictor
,,No,No,,Drivetrain,Part,23204,DT,23204,AA,OBSOLETE,DT-23204-AA,,,BF Valve Plate
,,No,No,,Drivetrain,Part,23205,DT,23205,AA,OBSOLETE,DT-23205-AA,,,BF Valve Shaft
,,No,No,,Drivetrain,Part,23206,DT,23206,AA,OBSOLETE,DT-23206-AA,,,TB Damper Mount
,,No,No,,Drivetrain,Part,23207,DT,23207,AA,OBSOLETE,DT-23207-AA,,,Throttle Damper
,,No,No,,Drivetrain,Part,23208,DT,23208,AA,OBSOLETE,DT-23208-AA,,,TB Rotational Spring Torsion Spring 
,,No,No,,Drivetrain,Part,23209,DT,23209,AA,OBSOLETE,DT-23209-AA,,,Spring Stopper Spacer
,,No,No,,Drivetrain,Part,23210,DT,23210,AA,OBSOLETE,DT-23210-AA,,,TB Return Spring_Extension
,,No,No,,Drivetrain,Part,23211,DT,23211,AA,OBSOLETE,DT-23211-AA,,,TB Torsion Spring Stopper
,,No,No,,Drivetrain,Part,23212,DT,23212,AA,OBSOLETE,DT-23212-AA,,,TB Bearing locknut
,,No,No,,Drivetrain,Part,23213,DT,23213,AA,OBSOLETE,DT-23213-AA,,,TB 10mm Bushing
,,No,No,,Drivetrain,Part,23214,DT,23214,AA,OBSOLETE,DT-23214-AA,,,Rivet Nut
,,No,No,,Drivetrain,Part,23215,DT,23215,AA,OBSOLETE,DT-23215-AA,,,TB Cable Mount
,,No,No,,Drivetrain,Part,23216,DT,23216,AA,OBSOLETE,DT-23216-AA,,,TB Cam
,,No,No,,Drivetrain,Part,23217,DT,23217,AA,OBSOLETE,DT-23217-AA,,,"TB Cam Cap, Inner"
,,No,No,,Drivetrain,Part,23218,DT,23218,AA,OBSOLETE,DT-23218-AA,,,"TB Cam Cap, Outter"
,,No,No,,Drivetrain,Part,23219,DT,23219,AA,OBSOLETE,DT-23219-AA,,,TB O-ring
,,No,No,,Drivetrain,Part,23220,DT,23220,AA,OBSOLETE,DT-23220-AA,,,Idle Screw
,,No,No,,Drivetrain,Part,23221,DT,23221,AA,OBSOLETE,DT-23221-AA,,,TB Sensor Spacer
,,No,No,,Drivetrain,Part,23222,DT,23222,AA,OBSOLETE,DT-23222-AA,,,Idle Jam Screw
,,No,No,,Drivetrain,Part,23223,DT,23223,AA,Current,DT-23223-AA,,,
,,No,No,,Drivetrain,Fastener,23224,FS,23224,AA,Current,FS-23224-AA,,,M3x0.5 6mm SHCS
,,No,No,,Drivetrain,Fastener,23225,FS,23225,AA,Current,FS-23225-AA,,,M4x0.7 8mm Bolt
,,No,No,,Drivetrain,Fastener,23226,FS,23226,AA,Current,FS-23226-AA,,,M4x0.7 20mm SHCS
,,No,No,,Drivetrain,Fastener,23227,FS,23227,AA,Current,FS-23227-AA,,,M3x0.5 22mm SHCS
,,No,No,,Drivetrain,Fastener,23228,FS,23228,AA,Current,FS-23228-AA,,,M3x0.5 6mm FHCS
,,No,No,,Drivetrain,Fastener,23229,FS,23229,AA,Current,FS-23229-AA,,,M4x0.7 Nylock Nut
,,No,No,,Drivetrain,Fastener,23230,FS,23230,AA,Current,FS-23230-AA,,,M3x0.3 Nylock Nut
,,No,No,,Drivetrain,Fastener,23231,FS,23231,AA,Current,FS-23231-AA,,,M4 Stainless Steel Washer
,,No,No,,Frame & Body,Assembly,40100,FR,A0401,AA,Current,FR-A0401-AA,,Front Wing,
,,No,No,,Frame & Body,Part,40101,FR,40101,AA,Current,FR-40101-AA,,,Main Element - Wing Skin - Suction Surface
,,No,No,,Frame & Body,Part,40102,FR,40102,AA,Current,FR-40102-AA,,,Main Element - Wing Skin - Pressure Surface
,,No,No,,Frame & Body,Part,40103,FR,40103,AA,Current,FR-40103-AA,,,Secondary Elements - Wing Skins
,,No,No,,Frame & Body,Part,40104,FR,40104,AA,Current,FR-40104-AA,,,Endplate - Inboard
,,No,No,,Frame & Body,Part,40105,FR,40105,AA,Current,FR-40105-AA,,,Endplate - Outboard - Left
,,No,No,,Frame & Body,Part,40106,FR,40106,AA,Current,FR-40106-AA,,,Endplate - Outboard - Right
,,No,No,,Frame & Body,Part,40107,FR,40107,AA,OBSOLETE,FR-40107-AA,,,
,,No,No,,Frame & Body,Part,40108,FR,40108,AA,OBSOLETE,FR-40108-AA,,,
,,No,No,,Drivetrain,Assembly,20200,DT,A0202,AA,OBSOLETE,DT-A0202-AA,,Carburetor,
,,No,No,,Drivetrain,Part,20201,DT,20201,AA,OBSOLETE,DT-20201-AA,,,
,,No,No,,Frame & Body,Part,40202,FR,40202,AA,Current,FR-40202-AA,,,Secondary Element - Outer Internals
,,No,No,,Frame & Body,Part,40203,FR,40203,AA,OBSOLETE,FR-40203-AA,,,
,,No,No,,Frame & Body,Part,40204,FR,40204,AA,Current,FR-40204-AA,,,Main Element - Middle Internal
,,No,No,,Frame & Body,Part,40205,FR,40205,AA,Current,FR-40205-AA,,,Main Element - Outer Internal 
,,No,No,,Frame & Body,Part,40206,FR,40206,AA,Current,FR-40206-AA,,,Main Element - Inner Internal 
,,No,No,,Frame & Body,Part,40207,FR,40207,AA,Current,FR-40207-AA,,,Main Element - Spar Internal
,,No,No,,Frame & Body,Part,40208,FR,40208,AA,Current,FR-40208-AA,,,Inner Endplate Mounting tabs
,,No,No,,Frame & Body,Part,40209,FR,40209,AA,OBSOLETE,FR-40209-AA,,,
,,No,No,,Frame & Body,Part,40210,FR,40210,AA,Current,FR-40210-AA,,,Main Element Center internal
,,No,No,,Frame & Body,Assembly,40300,FR,A0403,AA,Current,FR-A0403-AA,,Rear Wing,
,,No,No,,Frame & Body,Part,40301,FR,40301,AA,Current,FR-40301-AA,,,Main Element - Wing Skin - Suction Surface
,,No,No,,Frame & Body,Part,40302,FR,40302,AA,Current,FR-40302-AA,,,Main Element - Wing Skin - Pressure Surface
,,No,No,,Frame & Body,Part,40303,FR,40303,AA,Current,FR-40303-AA,,,Flap Element - Wing Skin
,,No,No,,Frame & Body,Part,40304,FR,40304,AA,Current,FR-40304-AA,,,Flap Element - Wing Skin - Gurney Flap
,,No,No,,Frame & Body,Part,40305,FR,40305,AA,OBSOLETE,FR-40305-AA,,,
,,No,No,,Frame & Body,Part,40306,FR,40306,AA,Current,FR-40306-AA,,,Endplate - Left
,,No,No,,Frame & Body,Part,40307,FR,40307,AA,Current,FR-40307-AA,,,Endplate - Right
,,No,No,,Frame & Body,Part,40308,FR,40308,AA,Current,FR-40308-AA,,,Swan Neck
,,No,No,,Frame & Body,Part,40309,FR,40309,AA,OBSOLETE,FR-40309-AA,,,
,,No,No,,Frame & Body,Part,40310,FR,40310,AA,Current,FR-40310-AA,,,Main Element - Outer Internal 
,,No,No,,Frame & Body,Part,40311,FR,40311,AA,Current,FR-40311-AA,,,Main Element - Inner Internal 
,,No,No,,Frame & Body,Part,40312,FR,40312,AA,Current,FR-40312-AA,,,Main Element - Spar Internal
,,No,No,,Frame & Body,Part,40313,FR,40313,AA,OBSOLETE,FR-40313-AA,,,
,,No,No,,Frame & Body,Part,40314,FR,40314,AA,Current,FR-40314-AA,,,Flap Elements - Outer Stringers
,,No,No,,Frame & Body,Part,40315,FR,40315,AA,OBSOLETE,FR-40315-AA,,,
,,No,No,,Frame & Body,Part,40316,FR,40316,AA,OBSOLETE,FR-40316-AA,,,
,,No,No,,Drivetrain,Assembly,20400,DT,A0204,AA,OBSOLETE,DT-A0204-AA,,CV Joints,
,,No,No,,Drivetrain,Part,20401,DT,20401,AA,OBSOLETE,DT-20401-AA,,,
,,No,No,,Frame & Body,Part,40402,FR,40402,AA,OBSOLETE,FR-40402-AA,,,
,,No,No,,Frame & Body,Part,40403,FR,40403,AA,OBSOLETE,FR-40403-AA,,,
,,No,No,,Frame & Body,Part,40404,FR,40404,AA,Current,FR-40404-AA,,,Swan Neck - Chassis Side Insert
,,No,No,,Frame & Body,Part,40405,FR,40405,AA,Current,FR-40405-AA,,,Swan Neck - Wing Side Insert
,,No,No,,Frame & Body,Part,40406,FR,40406,AA,Current,FR-40406-AA,,,Swan Neck - Wing side tab
,,No,No,,Frame & Body,Part,40407,FR,40407,AA,Current,FR-40407-AA,,,Swan Neck - Chassis Side Tab
,,No,No,,Frame & Body,Part,40408,FR,40408,AA,OBSOLETE,FR-40408-AA,,,
,,No,No,,Frame & Body,Assembly,40500,FR,A0405,AA,Current,FR-A0405-AA,,Firewall Right,
,,No,No,,Frame & Body,Part,40501,FR,40501,AA,Current,FR-40501-AA,,,Firewall Right
,,No,No,,Frame & Body,Part,40502,FR,40502,AA,OBSOLETE,FR-40502-AA,,,
,,No,No,,Frame & Body,Part,40503,FR,40503,AA,OBSOLETE,FR-40503-AA,,,
,,No,No,,Frame & Body,Part,40504,FR,40504,AA,OBSOLETE,FR-40504-AA,,,
,,No,No,,Frame & Body,Part,40505,FR,40505,AA,OBSOLETE,FR-40505-AA,,,
,,No,No,,Drivetrain,Assembly,20600,DT,A0206,AA,OBSOLETE,DT-A0206-AA,,Differential Bearings,
,,No,No,,Drivetrain,Assembly,20700,DT,A0207,AA,OBSOLETE,DT-A0207-AA,,Differential Mounts Assy.,
,,No,No,,Frame & Body,Assembly,40800,FR,A0408,AA,Current,FR-A0408-AA,,Side Pods,
,,No,No,,Frame & Body,Part,40801,FR,40801,AA,OBSOLETE,FR-40801-AA,,,Electrical Enclosure
,,No,No,,Frame & Body,Part,40802,FR,40802,AA,Current,FR-40802-AA,,,L-Bracket
,,No,No,,Frame & Body,Part,40803,FR,40803,AA,Current,FR-40803-AA,,,Left Side Pod - Radiator
,,No,No,,Frame & Body,Part,40804,FR,40804,AA,Current,FR-40804-AA,,,Right Side Pod - Muffler
,,No,No,,Frame & Body,Part,40805,FR,40805,AA,OBSOLETE,FR-40805-AA,,,
,,No,No,,Frame & Body,Part,40806,FR,40806,AA,OBSOLETE,FR-40806-AA,,,
,,No,No,,Frame & Body,Assembly,40900,FR,A0409,AA,Current,FR-A0409-AA,,Chassis,
,,No,No,,Frame & Body,Part,40901,FR,40901,AA,Current,FR-40901-AA,,,Anti-Intrusion Plate
,,No,No,,Frame & Body,Part,40902,FR,40902,AA,OBSOLETE,FR-40902-AA,,,AIP Inserts
,,No,No,,Frame & Body,Part,40903,FR,40903,AA,OBSOLETE,FR-40903-AA,,,Main Hoop Insert
,,No,No,,Frame & Body,Part,40904,FR,40904,AA,Current,FR-40904-AA,,,Structural Floor
,,No,No,,Frame & Body,Part,40905,FR,40905,AA,OBSOLETE,FR-40905-AA,,,Front Roll Hoop
,,No,No,,Frame & Body,Part,40906,FR,40906,AA,OBSOLETE,FR-40906-AA,,,Harness Mount
,,No,No,,Frame & Body,Part,40907,FR,40907,AA,OBSOLETE,FR-40907-AA,,,Harness Mount - RHS
,,No,No,,Drivetrain,Part,20908,DT,20908,AA,OBSOLETE,DT-20908-AA,,,Dailey Engineering Scavenge Pump
,,No,No,,Drivetrain,Part,20909,DT,20909,AA,OBSOLETE,DT-20909-AA,,,Coolant Outlet Port
,,No,No,,Drivetrain,Part,20910,DT,20910,AA,OBSOLETE,DT-20910-AA,,,Coolant Inlet Port
,,No,No,,Frame & Body,Part,40911,FR,40911,AA,OBSOLETE,FR-40911-AA,,,Composite Chassis
,,No,No,,Frame & Body,Part,40912,FR,40912,AA,OBSOLETE,FR-40912-AA,,,Anti Intrusion Diagonal
,,No,No,,Frame & Body,Part,40913,FR,40913,AA,Current,FR-40913-AA,,,Impact Attenuator
,,No,No,,Frame & Body,Part,40914,FR,40914,AA,OBSOLETE,FR-40914-AA,,,Anti-Intrusion Plate Insert Backing Plates
,,No,No,,Frame & Body,Part,40915,FR,40915,AA,Current,FR-40915-AA,,,Tubeframe
,,No,No,,Frame & Body,Part,40916,FR,40916,AA,OBSOLETE,FR-40916-AA,,,
,,No,No,,Frame & Body,Part,40917,FR,40917,AA,OBSOLETE,FR-40917-AA,,,
,,No,No,,Frame & Body,Assembly,41000,FR,A0410,AA,OBSOLETE,FR-A0410-AA,,Tube Subframe - Rear,
,,No,No,,Frame & Body,Part,41001,FR,41001,AA,Current,FR-41001-AA,,,Tabs (see Tab BOM)
,,No,No,,Frame & Body,Part,41002,FR,41002,AA,Current,FR-41002-AA,,,Battery Holder
,,No,No,,Frame & Body,Assembly,41100,FR,A0411,AA,Current,FR-A0411-AA,,Bond-On Mounts,
,,No,No,,Drivetrain,Part,21101,DT,21101,AA,OBSOLETE,DT-21101-AA,,,
,,No,No,,Frame & Body,Part,41102,FR,41102,AA,Current,FR-41102-AA,,,Front Bellcrank Mounts
,,No,No,,Frame & Body,Part,41103,FR,41103,AA,Current,FR-41103-AA,,,Front A-Arm Mounts
,,No,No,,Drivetrain,Part,21104,DT,21104,AA,OBSOLETE,DT-21104-AA,,,
,,No,No,,Frame & Body,Part,41105,FR,41105,AA,Current,FR-41105-AA,,,Front A-Arm Mounts Inserts
,,No,No,,Frame & Body,Part,41106,FR,41106,AA,Current,FR-41106-AA,,,Pedal Mounts Lower Insert
,,No,No,,Frame & Body,Part,41107,FR,41107,AA,Current,FR-41107-AA,,,Low-Load Inserts
,,No,No,,Frame & Body,Part,41108,FR,41108,AA,OBSOLETE,FR-41108-AA,,,Medium Load Inserts
,,No,No,,Frame & Body,Part,41109,FR,41109,AA,Current,FR-41109-AA,,,Harness Mount Outer Backing Plate
,,No,No,,Frame & Body,Part,41110,FR,41110,AA,Current,FR-41110-AA,,,"Pedal Box Mounting Insert
"
,,No,No,,Frame & Body,Part,41111,FR,41111,AA,Current,FR-41111-AA,,,Steering Column Mount Insert
,,No,No,,Drivetrain,Part,21112,DT,21112,AA,OBSOLETE,DT-21112-AA,,,Exhaust Manifold Retaining Spring
,,No,No,,Frame & Body,Part,41113,FR,41113,AA,Current,FR-41113-AA,,,Front Shock Mount
,,No,No,,Frame & Body,Part,41114,FR,41114,AA,Current,FR-41114-AA,,,Front Anti-Roll Bar Mount
,,No,No,,Frame & Body,Part,41115,FR,41115,AA,Current,FR-41115-AA,,,Rear Anti-Roll Bar Mount
,,No,No,,Frame & Body,Assembly,41200,FR,A0412,AA,Current,FR-A0412-AA,,Bodywork,
,,No,No,,Frame & Body,Part,41201,FR,41201,AA,Current,FR-41201-AA,,,Nose Cone
,,No,No,,Frame & Body,Part,41202,FR,41202,AA,OBSOLETE,FR-41202-AA,,,Access Hole Cover
,,No,No,,Frame & Body,Part,41203,FR,41203,AA,Current,FR-41203-AA,,,Floor Closeout
,,No,No,,Frame & Body,Part,41204,FR,41204,AA,Current,FR-41204-AA,,,Fore-Front Hoop Body Panels
,,No,No,,Frame & Body,Part,41205,FR,41205,AA,Current,FR-41205-AA,,,Side Body Panels
,,No,No,,Frame & Body,Part,41206,FR,41206,AA,OBSOLETE,FR-41206-AA,,,
,,No,No,,Drivetrain,Part,21207,DT,21207,AA,OBSOLETE,DT-21207-AA,,,Fuel Rail Bracket
,,No,No,,Frame & Body,Assembly,41300,FR,A0413,AA,Current,FR-A0413-AA,,Underbody,
,,No,No,,Frame & Body,Part,41301,FR,41301,AA,Current,FR-41301-AA,,,Underbody Main
,,No,No,,Frame & Body,Part,41302,FR,41302,AA,Current,FR-41302-AA,,,Side Tunnel Left
,,No,No,,Frame & Body,Part,41303,FR,41303,AA,Current,FR-41303-AA,,,Side Tunnel Right
,,No,No,,Frame & Body,Part,41304,FR,41304,AA,Current,FR-41304-AA,,,Rear Diffuser
,,No,No,,Frame & Body,Part,41305,FR,41305,AA,Current,FR-41305-AA,,,Mounting Tab - Side Front
,,No,No,,Frame & Body,Part,41306,FR,41306,AA,Current,FR-41306-AA,,,Mounting Tab - Side Rear
,,No,No,,Frame & Body,Part,41307,FR,41307,AA,Current,FR-41307-AA,,,Mounting Tab - Side Inboard
,,No,No,,Frame & Body,Part,41308,FR,41308,AA,Current,FR-41308-AA,,,Mounting Tab - Underbody Main
,,No,No,,Frame & Body,Assembly,41400,FR,A0414,AA,Current,FR-A0414-AA,,Pedal Box Assembly,
,,No,No,,Frame & Body,Part,41401,FR,41401,AA,Current,FR-41401-AA,,,Brake Pedal Base
,,No,No,,Frame & Body,Part,41402,FR,41402,AA,Current,FR-41402-AA,,,Brake Pedal Face
,,No,No,,Frame & Body,Part,41403,FR,41403,AA,Current,FR-41403-AA,,,Brake Pedal Arm
,,No,No,,Frame & Body,Part,41404,FR,41404,AA,OBSOLETE,FR-41404-AA,,,Pedal Box Rails
,,No,No,,Frame & Body,Part,41405,FR,41405,AA,Current,FR-41405-AA,,,BOTS Mount
,,No,No,,Frame & Body,Part,41406,FR,41406,AA,Current,FR-41406-AA,,,Brake Over-Travel Switch
,,No,No,,Frame & Body,Part,41407,FR,41407,AA,OBSOLETE,FR-41407-AA,,,Brake Pedal Rail Tabs
,,No,No,,Frame & Body,Part,41408,FR,41408,AA,Current,FR-41408-AA,,,Throttle Cable Bracket
,,No,No,,Frame & Body,Part,41409,FR,41409,AA,Current,FR-41409-AA,,,Cable Adaptor A
,,No,No,,Frame & Body,Part,41410,FR,41410,AA,Current,FR-41410-AA,,,Cable Adaptor B
,,No,No,,Frame & Body,Part,41411,FR,41411,AA,OBSOLETE,FR-41411-AA,,,
,,No,No,,Frame & Body,Assembly,41500,FR,A0415,AA,OBSOLETE,FR-A0415-AA,,Throttle Pedal Assembly,
,,No,No,,Frame & Body,Part,41501,FR,41501,AA,Current,FR-41501-AA,,,Throttle Pedal Base
,,No,No,,Frame & Body,Part,41502,FR,41502,AA,Current,FR-41502-AA,,,Throttle Pedal Arm
,,No,No,,Frame & Body,Part,41503,FR,41503,AA,Current,FR-41503-AA,,,Throttle Pedal Face
,,No,No,,Frame & Body,Part,41504,FR,41504,AA,Current,FR-41504-AA,,,Throttle Pedal Rail
,,No,No,,Frame & Body,Part,41505,FR,41505,AA,Current,FR-41505-AA,,,Throttle Pedal Shaft
,,No,No,,Frame & Body,Part,41506,FR,41506,AA,Current,FR-41506-AA,,,Accelerator Pedal Position Sensor
,,No,No,,Frame & Body,Part,41507,FR,41507,AA,Current,FR-41507-AA,,,Pedal Box Rail Clamp
,,No,No,,Drivetrain,Assembly,21600,DT,A0216,AA,OBSOLETE,DT-A0216-AA,,Fuel Tank Assy.,
,,No,No,,Drivetrain,Assembly,21700,DT,A0217,AA,OBSOLETE,DT-A0217-AA,,Fuel Vent/Check Valve,
,,No,No,,Frame & Body,Part,41701,FR,41701,AA,Current,FR-41701-AA,,,Pedal Box Connector
,,No,No,,Frame & Body,Part,41702,FR,41702,AA,Current,FR-41702-AA,,,Pedal Box Heel Cup
,,No,No,,Frame & Body,Assembly,41800,FR,A0418,AA,Current,FR-A0418-AA,,Shift Actuation,
,,No,No,,Frame & Body,Part,41801,FR,41801,AA,Current,FR-41801-AA,,,"Argon Tank, Composite"
,,No,No,,Frame & Body,Part,41802,FR,41802,AA,Current,FR-41802-AA,,,Pneumatic Manifold (Shifting and Clutch)
,,No,No,,Frame & Body,Part,41803,FR,41803,AA,Current,FR-41803-AA,,,Pneumatic Solenoids
,,No,No,,Frame & Body,Part,41804,FR,41804,AA,Current,FR-41804-AA,,,Pneumatic Cylinder - Shifting
,,No,No,,Frame & Body,Part,41805,FR,41805,AA,Current,FR-41805-AA,,,"1/4"" Push Connect Air Tube - Tank to Manifold"
,,No,No,,Frame & Body,Part,41806,FR,41806,AA,Current,FR-41806-AA,,,"1/4"" Push Connect Air Tube - Solenoid to Cylinder"
,,No,No,,Drivetrain,Assembly,21900,DT,A0219,AA,OBSOLETE,DT-A0219-AA,,Restrictor Upper Washer,*Weight including restrictor
,,No,No,,Frame & Body,Part,41901,FR,41901,AA,Current,FR-41901-AA,,,Shifter Lever Arm
,,No,No,,Frame & Body,Part,41902,FR,41902,AA,Current,FR-41902-AA,,,Pneumatic Cylinder - Clutch
,,No,No,,Frame & Body,Part,41903,FR,41903,AA,Current,FR-41903-AA,,,Pneumatic Cylinder Shifting Bracket
,,No,No,,Frame & Body,Assembly,42000,FR,A0420,AA,Current,FR-A0420-AA,,Clutch Actuation,
,,No,No,,Frame & Body,Part,42001,FR,42001,AA,OBSOLETE,FR-42001-AA,,,
,,No,No,,Frame & Body,Part,42002,FR,42002,AA,OBSOLETE,FR-42002-AA,,,
,,No,No,,Frame & Body,Part,42003,FR,42003,AA,Current,FR-42003-AA,,,Clutch Lever
,,No,No,,Frame & Body,Part,42004,FR,42004,AA,OBSOLETE,FR-42004-AA,,,Stopper
,,No,No,,Frame & Body,Part,42005,FR,42005,AA,Current,FR-42005-AA,,,Clutch Cable
,,No,No,,Frame & Body,Part,42006,FR,42006,AA,Current,FR-42006-AA,,,Hand Clutch Mount
,,No,No,,Frame & Body,Part,42007,FR,42007,AA,OBSOLETE,FR-42007-AA,,,
,,No,No,,Frame & Body,Part,42008,FR,42008,AA,OBSOLETE,FR-42008-AA,,,
,,No,No,,Frame & Body,Part,42009,FR,42009,AA,Current,FR-42009-AA,,,Hand Clutch Pivot
,,No,No,,Frame & Body,Part,42010,FR,42010,AA,Current,FR-42010-AA,,,Barrel Adjuster
,,No,No,,Frame & Body,Part,42011,FR,42011,AA,Current,FR-42011-AA,,,Barrel Adjuster Holder
,,No,No,,Drivetrain,Part,22012,DT,22012,AA,OBSOLETE,DT-22012-AA,,,90 Degree Bend (intake)
,,No,No,,Drivetrain,Part,22013,DT,22013,AA,OBSOLETE,DT-22013-AA,,,Intake Straight tube
,,No,No,,Drivetrain,Part,22014,DT,22014,AA,OBSOLETE,DT-22014-AA,,,Exhuast Straight tube
,,No,No,,Drivetrain,Part,22015,DT,22015,AA,OBSOLETE,DT-22015-AA,,,Perforated Pipe
,,No,No,,Drivetrain,Part,22016,DT,22016,AA,OBSOLETE,DT-22016-AA,,,90 Degree Bend (tailpipe)
,,No,No,,Drivetrain,Part,22017,DT,22017,AA,OBSOLETE,DT-22017-AA,,,Tailpipe Straight Tube
,,No,No,,Drivetrain,Part,22018,DT,22018,AA,OBSOLETE,DT-22018-AA,,,"Transition 2"" to 1.5"""
,,No,No,,Drivetrain,Part,22019,DT,22019,AA,OBSOLETE,DT-22019-AA,,,Fiberglass Packing Material
,,No,No,,Drivetrain,Part,22020,DT,22020,AA,OBSOLETE,DT-22020-AA,,,7 Degree muffler offset tube
,,No,No,,Drivetrain,Part,22021,DT,22021,AA,OBSOLETE,DT-22021-AA,,,Baffle
,,No,No,,Drivetrain,Part,22022,DT,22022,AA,OBSOLETE,DT-22022-AA,,,V Band Flange
,,No,No,,Drivetrain,Part,22023,DT,22023,AA,OBSOLETE,DT-22023-AA,,,Straight Flange after intake 90
,,No,No,,Drivetrain,Part,22024,DT,22024,AA,OBSOLETE,DT-22024-AA,,,
,,No,No,,Drivetrain,Part,22025,DT,22025,AA,OBSOLETE,DT-22025-AA,,,
,,No,No,,Drivetrain,Part,22026,DT,22026,AA,OBSOLETE,DT-22026-AA,,,
,,No,No,,Drivetrain,Part,22027,DT,22027,AA,OBSOLETE,DT-22027-AA,,,
,,No,No,,Drivetrain,Part,22028,DT,22028,AA,OBSOLETE,DT-22028-AA,,,
,,No,No,,Drivetrain,Part,22029,DT,22029,AA,OBSOLETE,DT-22029-AA,,,
,,No,No,,Drivetrain,Part,22030,DT,22030,AA,OBSOLETE,DT-22030-AA,,,BF Valve Body
,,No,No,,Drivetrain,Part,22031,DT,22031,AA,OBSOLETE,DT-22031-AA,,,BF Valve Plate
,,No,No,,Drivetrain,Part,22032,DT,22032,AA,OBSOLETE,DT-22032-AA,,,BF Valve Shaft
,,No,No,,Drivetrain,Part,22033,DT,22033,AA,OBSOLETE,DT-22033-AA,,,TB Damper Mount
,,No,No,,Drivetrain,Part,22034,DT,22034,AA,OBSOLETE,DT-22034-AA,,,Throttle Damper
,,No,No,,Drivetrain,Part,22035,DT,22035,AA,OBSOLETE,DT-22035-AA,,,TB Rotational Spring Torsion Spring 
,,No,No,,Drivetrain,Part,22036,DT,22036,AA,OBSOLETE,DT-22036-AA,,,Spring Stopper Spacer
,,No,No,,Drivetrain,Part,22037,DT,22037,AA,OBSOLETE,DT-22037-AA,,,TB Return Spring_Extension
,,No,No,,Drivetrain,Part,22038,DT,22038,AA,OBSOLETE,DT-22038-AA,,,TB Torsion Spring Stopper
,,No,No,,Drivetrain,Part,22039,DT,22039,AA,OBSOLETE,DT-22039-AA,,,TB Bearing locknut
,,No,No,,Drivetrain,Part,22040,DT,22040,AA,OBSOLETE,DT-22040-AA,,,TB 10mm Bushing
,,No,No,,Drivetrain,Part,22041,DT,22041,AA,OBSOLETE,DT-22041-AA,,,Rivet Nut
,,No,No,,Drivetrain,Part,22042,DT,22042,AA,OBSOLETE,DT-22042-AA,,,TB Cable Mount
,,No,No,,Drivetrain,Part,22043,DT,22043,AA,OBSOLETE,DT-22043-AA,,,TB Cam
,,No,No,,Drivetrain,Part,22044,DT,22044,AA,OBSOLETE,DT-22044-AA,,,"TB Cam Cap, Inner"
,,No,No,,Drivetrain,Part,22045,DT,22045,AA,OBSOLETE,DT-22045-AA,,,"TB Cam Cap, Outter"
,,No,No,,Drivetrain,Part,22046,DT,22046,AA,OBSOLETE,DT-22046-AA,,,TB O-ring
,,No,No,,Drivetrain,Part,22047,DT,22047,AA,OBSOLETE,DT-22047-AA,,,Idle Screw
,,No,No,,Drivetrain,Part,22048,DT,22048,AA,OBSOLETE,DT-22048-AA,,,TB Sensor Spacer
,,No,No,,Drivetrain,Part,22049,DT,22049,AA,OBSOLETE,DT-22049-AA,,,Idle Jam Screw
,,No,No,,Electrical,Assembly,30100,EL,A0301,AA,Current,EL-A0301-AA,,Battery,
,,No,No,,Electrical,Part,30101,EL,30101,AA,Current,EL-30101-AA,,,"Battery (Picking Battery, Picking a spot, Putting in cad, Making a tray)"
,,No,No,,Electrical,Part,30102,EL,30102,AA,OBSOLETE,EL-30102-AA,,,
,,No,No,,Electrical,Part,30103,EL,30103,AA,OBSOLETE,EL-30103-AA,,,
,,No,No,,Electrical,Assembly,30200,EL,A0302,AA,Current,EL-A0302-AA,,Brake Light,
,,No,No,,Electrical,Part,30201,EL,30201,AA,Current,EL-30201-AA,,,PCB and LED's
,,No,No,,Electrical,Assembly,30300,EL,A0303,AA,Current,EL-A0303-AA,,ECU / Engine Electronics,
,,No,No,,Frame & Body,Part,40301,FR,40301,AA,OBSOLETE,FR-40301-AA,,,
,,No,No,,Frame & Body,Part,40302,FR,40302,AA,OBSOLETE,FR-40302-AA,,,
,,No,No,,Drivetrain,Assembly,20400,DT,A0204,AA,OBSOLETE,DT-A0204-AA,,Carburetor,
,,No,No,,Drivetrain,Part,20401,DT,20401,AA,OBSOLETE,DT-20401-AA,,,
,,No,No,,Electrical,Part,30402,EL,30402,AA,Current,EL-30402-AA,,,Haltech Elite 1500
,,No,No,,Frame & Body,Part,40403,FR,40403,AA,OBSOLETE,FR-40403-AA,,,
,,No,No,,Electrical,Part,30404,EL,30404,AA,OBSOLETE,EL-30404-AA,,,Haltech Nexus S2
,,No,No,,Electrical,Part,30405,EL,30405,AA,Current,EL-30405-AA,,,Water Tempurature Sensor
,,No,No,,Electrical,Part,30406,EL,30406,AA,Current,EL-30406-AA,,,Nexus IO16 Expansion Module
,,No,No,,Electrical,Part,30407,EL,30407,AA,Current,EL-30407-AA,,,Manifold Absolute Pressure/Intake Air Tempurature Sensor
,,No,No,,Electrical,Part,30408,EL,30408,AA,Current,EL-30408-AA,,,Exhaust O2 Wideband Sensor
,,No,No,,Frame & Body,Part,40409,FR,40409,AA,OBSOLETE,FR-40409-AA,,,
,,No,No,,Electrical,Part,30410,EL,30410,AA,Current,EL-30410-AA,,,Oil Tempurature Sensor
,,No,No,,Electrical,Part,30411,EL,30411,AA,Current,EL-30411-AA,,,Oil Pressure Sensor
,,No,No,,Electrical,Part,30412,EL,30412,AA,OBSOLETE,EL-30412-AA,,,
,,No,No,,Electrical,Part,30413,EL,30413,AA,OBSOLETE,EL-30413-AA,,,
,,No,No,,Electrical,Part,30414,EL,30414,AA,OBSOLETE,EL-30414-AA,,,
,,No,No,,Electrical,Part,30415,EL,30415,AA,OBSOLETE,EL-30415-AA,,,
,,No,No,,Frame & Body,Part,40416,FR,40416,AA,OBSOLETE,FR-40416-AA,,,
,,No,No,,Electrical,Assembly,30500,EL,A0305,AA,Current,EL-A0305-AA,,Steering Wheel Electrical,
,,No,No,,Electrical,Part,30501,EL,30501,AA,OBSOLETE,EL-30501-AA,,,PCB
,,No,No,,Electrical,Part,30502,EL,30502,AA,Current,EL-30502-AA,,,Switches and mounting hardware
,,No,No,,Frame & Body,Part,40503,FR,40503,AA,OBSOLETE,FR-40503-AA,,,
,,No,No,,Electrical,Part,30504,EL,30504,AA,OBSOLETE,EL-30504-AA,,,Control PCB
,,No,No,,Electrical,Part,30505,EL,30505,AA,OBSOLETE,EL-30505-AA,,,RPM Gauge PCB
,,No,No,,Electrical,Part,30506,EL,30506,AA,OBSOLETE,EL-30506-AA,,,Steering Column Mount Insert
,,No,No,,Frame & Body,Part,40507,FR,40507,AA,OBSOLETE,FR-40507-AA,,,
,,No,No,,Electrical,Assembly,30600,EL,A0306,AA,Current,EL-A0306-AA,,Wiring Harnesses,
,,No,No,,Frame & Body,Part,40601,FR,40601,AA,OBSOLETE,FR-40601-AA,,,
,,No,No,,Frame & Body,Part,40602,FR,40602,AA,OBSOLETE,FR-40602-AA,,,
,,No,No,,Drivetrain,Assembly,20700,DT,A0207,AA,OBSOLETE,DT-A0207-AA,,CV Joints,
,,No,No,,Drivetrain,Part,20701,DT,20701,AA,OBSOLETE,DT-20701-AA,,,
,,No,No,,Frame & Body,Part,40702,FR,40702,AA,OBSOLETE,FR-40702-AA,,,
,,No,No,,Frame & Body,Part,40703,FR,40703,AA,OBSOLETE,FR-40703-AA,,,
,,No,No,,Electrical,Part,30704,EL,30704,AA,Current,EL-30704-AA,,,Engine Wiring Harness
,,No,No,,Electrical,Part,30705,EL,30705,AA,Current,EL-30705-AA,,,Sensor Harness
,,No,No,,Electrical,Part,30706,EL,30706,AA,Current,EL-30706-AA,,,Main Trunk Harness
,,No,No,,Electrical,Part,30707,EL,30707,AA,Current,EL-30707-AA,,,Front Harness
,,No,No,,Frame & Body,Part,40708,FR,40708,AA,OBSOLETE,FR-40708-AA,,,
,,No,No,,Electrical,Part,30709,EL,30709,AA,Current,EL-30709-AA,,,Battery Harness
,,No,No,,Electrical,Part,30710,EL,30710,AA,OBSOLETE,EL-30710-AA,,,Injector Pigtails
,,No,No,,Frame & Body,Part,40711,FR,40711,AA,OBSOLETE,FR-40711-AA,,,
,,No,No,,Frame & Body,Part,40712,FR,40712,AA,OBSOLETE,FR-40712-AA,,,
,,No,No,,Frame & Body,Part,40713,FR,40713,AA,OBSOLETE,FR-40713-AA,,,
,,No,No,,Frame & Body,Part,40714,FR,40714,AA,OBSOLETE,FR-40714-AA,,,
,,No,No,,Drivetrain,Assembly,20800,DT,A0208,AA,OBSOLETE,DT-A0208-AA,,Differential Bearings,
,,No,No,,Drivetrain,Assembly,20900,DT,A0209,AA,OBSOLETE,DT-A0209-AA,,Differential Mounts Assy.,
,,No,No,,Electrical,Part,30901,EL,30901,AA,OBSOLETE,EL-30901-AA,,,
,,No,No,,Frame & Body,Part,40902,FR,40902,AA,OBSOLETE,FR-40902-AA,,,Electrical Enclosure
,,No,No,,Electrical,Part,30903,EL,30903,AA,OBSOLETE,EL-30903-AA,,,
,,No,No,,Electrical,Part,30904,EL,30904,AA,OBSOLETE,EL-30904-AA,,,
,,No,No,,Electrical,Assembly,31000,EL,A0310,AA,Current,EL-A0310-AA,,PDM,
,,No,No,,Frame & Body,Part,41001,FR,41001,AA,OBSOLETE,FR-41001-AA,,,
,,No,No,,Frame & Body,Part,41002,FR,41002,AA,OBSOLETE,FR-41002-AA,,,
,,No,No,,Electrical,Part,31003,EL,31003,AA,Current,EL-31003-AA,,,PDM
,,No,No,,Electrical,Part,31004,EL,31004,AA,Current,EL-31004-AA,,,PDM Enclosure
,,No,No,,Frame & Body,Part,41005,FR,41005,AA,OBSOLETE,FR-41005-AA,,,AIP Inserts
,,No,No,,Frame & Body,Part,41006,FR,41006,AA,OBSOLETE,FR-41006-AA,,,Main Hoop Insert
,,No,No,,Electrical,Part,31007,EL,31007,AA,Current,EL-31007-AA,,,Relay Box Enclosure
,,No,No,,Frame & Body,Part,41008,FR,41008,AA,OBSOLETE,FR-41008-AA,,,Front Roll Hoop
,,No,No,,Frame & Body,Part,41009,FR,41009,AA,OBSOLETE,FR-41009-AA,,,Harness Mount
,,No,No,,Frame & Body,Part,41010,FR,41010,AA,OBSOLETE,FR-41010-AA,,,Harness Mount - RHS
,,No,No,,Drivetrain,Part,21011,DT,21011,AA,OBSOLETE,DT-21011-AA,,,Dailey Engineering Scavenge Pump
,,No,No,,Drivetrain,Part,21012,DT,21012,AA,OBSOLETE,DT-21012-AA,,,Coolant Outlet Port
,,No,No,,Drivetrain,Part,21013,DT,21013,AA,OBSOLETE,DT-21013-AA,,,Coolant Inlet Port
,,No,No,,Frame & Body,Part,41014,FR,41014,AA,OBSOLETE,FR-41014-AA,,,Composite Chassis
,,No,No,,Frame & Body,Part,41015,FR,41015,AA,OBSOLETE,FR-41015-AA,,,Anti Intrusion Diagonal
,,No,No,,Electrical,Part,31016,EL,31016,AA,OBSOLETE,EL-31016-AA,,,
,,No,No,,Frame & Body,Part,41017,FR,41017,AA,OBSOLETE,FR-41017-AA,,,Anti-Intrusion Plate Insert Backing Plates
,,No,No,,Electrical,Assembly,31100,EL,A0311,AA,Current,EL-A0311-AA,,Relays and Solenoids,
,,No,No,,Frame & Body,Part,41101,FR,41101,AA,OBSOLETE,FR-41101-AA,,,
,,No,No,,Frame & Body,Part,41102,FR,41102,AA,OBSOLETE,FR-41102-AA,,,
,,No,No,,Frame & Body,Assembly,41200,FR,A0412,AA,OBSOLETE,FR-A0412-AA,,Tube Subframe - Rear,
,,No,No,,Electrical,Part,31201,EL,31201,AA,Current,EL-31201-AA,,,Starter Relay
,,No,No,,Electrical,Part,31202,EL,31202,AA,Current,EL-31202-AA,,,Shift actuation solenoids
,,No,No,,Electrical,Part,31203,EL,31203,AA,Current,EL-31203-AA,,,Clutch Actuation solenoid
,,No,No,,Drivetrain,Part,21204,DT,21204,AA,OBSOLETE,DT-21204-AA,,,
,,No,No,,Electrical,Part,31205,EL,31205,AA,Current,EL-31205-AA,,,Relay Box
,,No,No,,Electrical,Assembly,31300,EL,A0313,AA,Current,EL-A0313-AA,,Dash,
,,No,No,,Drivetrain,Part,21301,DT,21301,AA,OBSOLETE,DT-21301-AA,,,
,,No,No,,Electrical,Part,31302,EL,31302,AA,Current,EL-31302-AA,,,PCB
,,No,No,,Electrical,Part,31303,EL,31303,AA,OBSOLETE,EL-31303-AA,,,
,,No,No,,Electrical,Part,31304,EL,31304,AA,OBSOLETE,EL-31304-AA,,,
,,No,No,,Frame & Body,Part,41305,FR,41305,AA,OBSOLETE,FR-41305-AA,,,Medium Load Inserts
,,No,No,,Electrical,Part,31306,EL,31306,AA,Current,EL-31306-AA,,,Dashboard Enclosure
,,No,No,,Electrical,Part,31307,EL,31307,AA,Current,EL-31307-AA,,,Heat Set Inserts - M3x0.5
,,No,No,,Electrical,Part,31308,EL,31308,AA,Current,EL-31308-AA,,,Heat Set Inserts - M4x0.7
,,No,No,,Drivetrain,Part,21309,DT,21309,AA,OBSOLETE,DT-21309-AA,,,Exhaust Manifold Retaining Spring
,,No,No,,Electrical,Assembly,31400,EL,A0314,AA,Current,EL-A0314-AA,,Sensors,
,,No,No,,Electrical,Part,31401,EL,31401,AA,OBSOLETE,EL-31401-AA,,,
,,No,No,,Electrical,Part,31402,EL,31402,AA,OBSOLETE,EL-31402-AA,,,
,,No,No,,Electrical,Part,31403,EL,31403,AA,OBSOLETE,EL-31403-AA,,,
,,No,No,,Electrical,Part,31404,EL,31404,AA,OBSOLETE,EL-31404-AA,,,
,,No,No,,Frame & Body,Part,41405,FR,41405,AA,OBSOLETE,FR-41405-AA,,,Access Hole Cover
,,No,No,,Electrical,Part,31406,EL,31406,AA,OBSOLETE,EL-31406-AA,,,
,,No,No,,Electrical,Part,31407,EL,31407,AA,OBSOLETE,EL-31407-AA,,,
,,No,No,,Electrical,Part,31408,EL,31408,AA,OBSOLETE,EL-31408-AA,,,
,,No,No,,Frame & Body,Part,41409,FR,41409,AA,OBSOLETE,FR-41409-AA,,,
,,No,No,,Drivetrain,Part,21410,DT,21410,AA,OBSOLETE,DT-21410-AA,,,Fuel Rail Bracket
,,No,No,,Electrical,Part,31411,EL,31411,AA,OBSOLETE,EL-31411-AA,,,
,,No,No,,Electrical,Part,31412,EL,31412,AA,OBSOLETE,EL-31412-AA,,,
,,No,No,,Electrical,Part,31413,EL,31413,AA,OBSOLETE,EL-31413-AA,,,
,,No,No,,Electrical,Part,31414,EL,31414,AA,OBSOLETE,EL-31414-AA,,,
,,No,No,,Electrical,Part,31415,EL,31415,AA,OBSOLETE,EL-31415-AA,,,
,,No,No,,Electrical,Part,31416,EL,31416,AA,OBSOLETE,EL-31416-AA,,,
,,No,No,,Electrical,Part,31417,EL,31417,AA,Current,EL-31417-AA,,,Steering Position Sensor
,,No,No,,Electrical,Part,31418,EL,31418,AA,OBSOLETE,EL-31418-AA,,,Wheel Speed Sensors
,,No,No,,Electrical,Part,31419,EL,31419,AA,OBSOLETE,EL-31419-AA,,,Shock Position Sensors
,,No,No,,Electrical,Part,31420,EL,31420,AA,OBSOLETE,EL-31420-AA,,,Brake Temp Sensors
,,No,No,,Electrical,Part,31421,EL,31421,AA,Current,EL-31421-AA,,,Brake Pressure Sensors
,,No,No,,Electrical,Part,31422,EL,31422,AA,OBSOLETE,EL-31422-AA,,,
,,No,No,,Electrical,Assembly,31500,EL,A0315,AA,OBSOLETE,EL-A0315-AA,,Mini-BCM,Not in 2026 Car
,,No,No,,Frame & Body,Part,41501,FR,41501,AA,OBSOLETE,FR-41501-AA,,,Pedal Box Rails
,,No,No,,Electrical,Part,31502,EL,31502,AA,OBSOLETE,EL-31502-AA,,,PCB
,,No,No,,Electrical,Part,31503,EL,31503,AA,OBSOLETE,EL-31503-AA,,,3D printed case
,,No,No,,Frame & Body,Part,41504,FR,41504,AA,OBSOLETE,FR-41504-AA,,,Brake Pedal Rail Tabs
,,No,No,,Electrical,Part,31505,EL,31505,AA,OBSOLETE,EL-31505-AA,,,Mounting hardware
,,No,No,,Electrical,Assembly,31600,EL,A0316,AA,Current,EL-A0316-AA,,Wire Harness/Connectors,
,,No,No,,Electrical,Part,31601,EL,31601,AA,OBSOLETE,EL-31601-AA,,,2 Pin DTM
,,No,No,,Frame & Body,Part,41602,FR,41602,AA,OBSOLETE,FR-41602-AA,,,
,,No,No,,Frame & Body,Assembly,41700,FR,A0417,AA,OBSOLETE,FR-A0417-AA,,Throttle Pedal Assembly,
,,No,No,,Electrical,Part,31701,EL,31701,AA,OBSOLETE,EL-31701-AA,,,3 Pin DTM
,,No,No,,Electrical,Part,31702,EL,31702,AA,OBSOLETE,EL-31702-AA,,,4 Pin DTM
,,No,No,,Electrical,Part,31703,EL,31703,AA,OBSOLETE,EL-31703-AA,,,6 Pin DTM
,,No,No,,Electrical,Part,31704,EL,31704,AA,OBSOLETE,EL-31704-AA,,,9 Pin DTM
,,No,No,,Electrical,Part,31705,EL,31705,AA,OBSOLETE,EL-31705-AA,,,12 Pin DTM
,,No,No,,Electrical,Part,31706,EL,31706,AA,OBSOLETE,EL-31706-AA,,,26 Pin AMP
,,No,No,,Electrical,Part,31707,EL,31707,AA,OBSOLETE,EL-31707-AA,,,34 Pin AMP
,,No,No,,Drivetrain,Assembly,21800,DT,A0218,AA,OBSOLETE,DT-A0218-AA,,Fuel Tank Assy.,
,,No,No,,Drivetrain,Assembly,21900,DT,A0219,AA,OBSOLETE,DT-A0219-AA,,Fuel Vent/Check Valve,
,,No,No,,Electrical,Part,31901,EL,31901,AA,OBSOLETE,EL-31901-AA,,,16 Pin Circular (PDM)
,,No,No,,Electrical,Part,31902,EL,31902,AA,OBSOLETE,EL-31902-AA,,,19 Pin Circular (PDM)
,,No,No,,Electrical,Part,31903,EL,31903,AA,OBSOLETE,EL-31903-AA,,,47 Pin Circular
,,No,No,,Electrical,Part,31904,EL,31904,AA,OBSOLETE,EL-31904-AA,,,2 Pin OEM
,,No,No,,Electrical,Part,31905,EL,31905,AA,OBSOLETE,EL-31905-AA,,,5 Pin Generic
,,No,No,,Electrical,Part,31906,EL,31906,AA,OBSOLETE,EL-31906-AA,,,22 Pin Circular (AiM)
,,No,No,,Electrical,Part,31907,EL,31907,AA,OBSOLETE,EL-31907-AA,,,37 Pin Circular (AiM)
,,No,No,,Electrical,Part,31908,EL,31908,AA,OBSOLETE,EL-31908-AA,,,2 Pin DT
,,No,No,,Electrical,Part,31909,EL,31909,AA,Current,EL-31909-AA,,AiM,
,,No,No,,Drivetrain,Assembly,22000,DT,A0220,AA,OBSOLETE,DT-A0220-AA,,Restrictor Upper Washer,*Weight including restrictor
,,No,No,,Electrical,Part,32001,EL,32001,AA,OBSOLETE,EL-32001-AA,,,MXL2
,,No,No,,Electrical,Part,32002,EL,32002,AA,OBSOLETE,EL-32002-AA,,,EVO 5
,,No,No,,Electrical,Assembly,32100,EL,A0321,AA,OBSOLETE,EL-A0321-AA,,BSPD,
,,No,No,,Electrical,Part,32101,EL,32101,AA,OBSOLETE,EL-32101-AA,,,BSPD PCB
,,No,No,,Frame & Body,Part,42102,FR,42102,AA,OBSOLETE,FR-42102-AA,,,
,,No,No,,Frame & Body,Part,42103,FR,42103,AA,OBSOLETE,FR-42103-AA,,,
,,No,No,,Electrical,Part,32104,EL,32104,AA,OBSOLETE,EL-32104-AA,,,DCDC Converter
,,No,No,,Frame & Body,Part,42105,FR,42105,AA,OBSOLETE,FR-42105-AA,,,Stopper
,,No,No,,Electrical,Part,32106,EL,32106,AA,OBSOLETE,EL-32106-AA,,,Enclosure
,,No,No,,Electrical,Part,32107,EL,32107,AA,OBSOLETE,EL-32107-AA,,,Mounting hardware
,,No,No,,Frame & Body,Part,42108,FR,42108,AA,OBSOLETE,FR-42108-AA,,,
,,No,No,,Frame & Body,Part,42109,FR,42109,AA,OBSOLETE,FR-42109-AA,,,
,,No,No,,Electrical,Part,32110,EL,32110,AA,OBSOLETE,EL-32110-AA,,,"Gasket 1/16"""
,,No,No,,Electrical,Part,32111,EL,32111,AA,OBSOLETE,EL-32111-AA,,,O-Rings 
,,No,No,,Electrical,Part,32112,EL,32112,AA,OBSOLETE,EL-32112-AA,,,Metal Plate
,,No,No,,Drivetrain,Part,22113,DT,22113,AA,OBSOLETE,DT-22113-AA,,,90 Degree Bend (intake)
,,No,No,,Drivetrain,Part,22114,DT,22114,AA,OBSOLETE,DT-22114-AA,,,Intake Straight tube
,,No,No,,Drivetrain,Part,22115,DT,22115,AA,OBSOLETE,DT-22115-AA,,,Exhuast Straight tube
,,No,No,,Drivetrain,Part,22116,DT,22116,AA,OBSOLETE,DT-22116-AA,,,Perforated Pipe
,,No,No,,Drivetrain,Part,22117,DT,22117,AA,OBSOLETE,DT-22117-AA,,,90 Degree Bend (tailpipe)
,,No,No,,Drivetrain,Part,22118,DT,22118,AA,OBSOLETE,DT-22118-AA,,,Tailpipe Straight Tube
,,No,No,,Drivetrain,Part,22119,DT,22119,AA,OBSOLETE,DT-22119-AA,,,"Transition 2"" to 1.5"""
,,No,No,,Drivetrain,Part,22120,DT,22120,AA,OBSOLETE,DT-22120-AA,,,Fiberglass Packing Material
,,No,No,,Drivetrain,Part,22121,DT,22121,AA,OBSOLETE,DT-22121-AA,,,7 Degree muffler offset tube
,,No,No,,Drivetrain,Part,22122,DT,22122,AA,OBSOLETE,DT-22122-AA,,,Baffle
,,No,No,,Drivetrain,Part,22123,DT,22123,AA,OBSOLETE,DT-22123-AA,,,V Band Flange
,,No,No,,Drivetrain,Part,22124,DT,22124,AA,OBSOLETE,DT-22124-AA,,,Straight Flange after intake 90
,,No,No,,Drivetrain,Part,22125,DT,22125,AA,OBSOLETE,DT-22125-AA,,,
,,No,No,,Drivetrain,Part,22126,DT,22126,AA,OBSOLETE,DT-22126-AA,,,
,,No,No,,Drivetrain,Part,22127,DT,22127,AA,OBSOLETE,DT-22127-AA,,,
,,No,No,,Drivetrain,Part,22128,DT,22128,AA,OBSOLETE,DT-22128-AA,,,
,,No,No,,Drivetrain,Part,22129,DT,22129,AA,OBSOLETE,DT-22129-AA,,,
,,No,No,,Drivetrain,Part,22130,DT,22130,AA,OBSOLETE,DT-22130-AA,,,
,,No,No,,Drivetrain,Part,22131,DT,22131,AA,OBSOLETE,DT-22131-AA,,,BF Valve Body
,,No,No,,Drivetrain,Part,22132,DT,22132,AA,OBSOLETE,DT-22132-AA,,,BF Valve Plate
,,No,No,,Drivetrain,Part,22133,DT,22133,AA,OBSOLETE,DT-22133-AA,,,BF Valve Shaft
,,No,No,,Drivetrain,Part,22134,DT,22134,AA,OBSOLETE,DT-22134-AA,,,TB Damper Mount
,,No,No,,Drivetrain,Part,22135,DT,22135,AA,OBSOLETE,DT-22135-AA,,,Throttle Damper
,,No,No,,Drivetrain,Part,22136,DT,22136,AA,OBSOLETE,DT-22136-AA,,,TB Rotational Spring Torsion Spring 
,,No,No,,Drivetrain,Part,22137,DT,22137,AA,OBSOLETE,DT-22137-AA,,,Spring Stopper Spacer
,,No,No,,Drivetrain,Part,22138,DT,22138,AA,OBSOLETE,DT-22138-AA,,,TB Return Spring_Extension
,,No,No,,Drivetrain,Part,22139,DT,22139,AA,OBSOLETE,DT-22139-AA,,,TB Torsion Spring Stopper
,,No,No,,Drivetrain,Part,22140,DT,22140,AA,OBSOLETE,DT-22140-AA,,,TB Bearing locknut
,,No,No,,Drivetrain,Part,22141,DT,22141,AA,OBSOLETE,DT-22141-AA,,,TB 10mm Bushing
,,No,No,,Drivetrain,Part,22142,DT,22142,AA,OBSOLETE,DT-22142-AA,,,Rivet Nut
,,No,No,,Drivetrain,Part,22143,DT,22143,AA,OBSOLETE,DT-22143-AA,,,TB Cable Mount
,,No,No,,Drivetrain,Part,22144,DT,22144,AA,OBSOLETE,DT-22144-AA,,,TB Cam
,,No,No,,Drivetrain,Part,22145,DT,22145,AA,OBSOLETE,DT-22145-AA,,,"TB Cam Cap, Inner"
,,No,No,,Drivetrain,Part,22146,DT,22146,AA,OBSOLETE,DT-22146-AA,,,"TB Cam Cap, Outter"
,,No,No,,Drivetrain,Part,22147,DT,22147,AA,OBSOLETE,DT-22147-AA,,,TB O-ring
,,No,No,,Drivetrain,Part,22148,DT,22148,AA,OBSOLETE,DT-22148-AA,,,Idle Screw
,,No,No,,Drivetrain,Part,22149,DT,22149,AA,OBSOLETE,DT-22149-AA,,,TB Sensor Spacer
,,No,No,,Drivetrain,Part,22150,DT,22150,AA,OBSOLETE,DT-22150-AA,,,Idle Jam Screw
,,No,No,,Electrical,Part,32151,EL,32151,AA,OBSOLETE,EL-32151-AA,,,Metal Plate
,,No,No,,Electrical,Part,32152,EL,32152,AA,OBSOLETE,EL-32152-AA,,,Metal Plate
,,No,No,,Electrical,Assembly,32200,EL,A0322,AA,OBSOLETE,EL-A0322-AA,,,Metal Plate
,,No,No,,Electrical,Part,32201,EL,32201,AA,OBSOLETE,EL-32201-AA,,,Metal Plate
,,No,No,,Electrical,Part,32202,EL,32202,AA,OBSOLETE,EL-32202-AA,,,Metal Plate
,,No,No,,Electrical,Part,32203,EL,32203,AA,OBSOLETE,EL-32203-AA,,,Metal Plate
,,No,No,,Electrical,Part,32204,EL,32204,AA,OBSOLETE,EL-32204-AA,,,Metal Plate
,,No,No,,Electrical,Part,32205,EL,32205,AA,OBSOLETE,EL-32205-AA,,,Metal Plate
,,No,No,,"Misc, Finish, Assembly",Assembly,50100,MS,A0501,AA,Current,MS-A0501-AA,,Driver Restraint,
,,No,No,,"Misc, Finish, Assembly",Part,50101,MS,50101,AA,Current,MS-50101-AA,,,Driver Harness
,,No,No,,Electrical,Part,30102,EL,30102,AA,OBSOLETE,EL-30102-AA,,,
,,No,No,,Electrical,Part,30103,EL,30103,AA,OBSOLETE,EL-30103-AA,,,
,,No,No,,"Misc, Finish, Assembly",Part,50104,MS,50104,AA,Current,MS-50104-AA,,,Driver Harness Tabs
,,No,No,,"Misc, Finish, Assembly",Part,50105,MS,50105,AA,Current,MS-50105-AA,,,Driver Harness Locating Loops
,,No,No,,"Misc, Finish, Assembly",Part,50106,MS,50106,AA,Current,MS-50106-AA,,,Driver Harness Spacer
,,No,No,,Frame & Body,Part,40107,FR,40107,AA,OBSOLETE,FR-40107-AA,,,
,,No,No,,Frame & Body,Part,40108,FR,40108,AA,OBSOLETE,FR-40108-AA,,,
,,No,No,,Drivetrain,Assembly,20200,DT,A0202,AA,OBSOLETE,DT-A0202-AA,,Carburetor,
,,No,No,,Drivetrain,Part,20201,DT,20201,AA,OBSOLETE,DT-20201-AA,,,
,,No,No,,"Misc, Finish, Assembly",Assembly,50300,MS,A0503,AA,Current,MS-A0503-AA,,Firewall,
,,No,No,,Frame & Body,Part,40301,FR,40301,AA,OBSOLETE,FR-40301-AA,,,
,,No,No,,Electrical,Part,30302,EL,30302,AA,OBSOLETE,EL-30302-AA,,,Haltech Nexus S2
,,No,No,,"Misc, Finish, Assembly",Part,50303,MS,50303,AA,Current,MS-50303-AA,,,Firewall Panel
,,No,No,,"Misc, Finish, Assembly",Part,50304,MS,50304,AA,Current,MS-50304-AA,,,Supplemental Firewall
,,No,No,,"Misc, Finish, Assembly",Part,50305,MS,50305,AA,Current,MS-50305-AA,,,Upper Latch Mount
,,No,No,,"Misc, Finish, Assembly",Part,50306,MS,50306,AA,Current,MS-50306-AA,,,Support Mount
,,No,No,,Frame & Body,Part,40307,FR,40307,AA,OBSOLETE,FR-40307-AA,,,
,,No,No,,"Misc, Finish, Assembly",Part,50308,MS,50308,AA,Current,MS-50308-AA,,,Lower Latch Mount
,,No,No,,"Misc, Finish, Assembly",Part,50309,MS,50309,AA,Current,MS-50309-AA,,,Upper Firewall
,,No,No,,Electrical,Part,30310,EL,30310,AA,OBSOLETE,EL-30310-AA,,,
,,No,No,,Electrical,Part,30311,EL,30311,AA,OBSOLETE,EL-30311-AA,,,
,,No,No,,Electrical,Part,30312,EL,30312,AA,OBSOLETE,EL-30312-AA,,,
,,No,No,,Electrical,Part,30313,EL,30313,AA,OBSOLETE,EL-30313-AA,,,
,,No,No,,Frame & Body,Part,40314,FR,40314,AA,OBSOLETE,FR-40314-AA,,,
,,No,No,,"Misc, Finish, Assembly",Part,50315,MS,50315,AA,Current,MS-50315-AA,,,Harness Bar Firewall
,,No,No,,Electrical,Part,30316,EL,30316,AA,OBSOLETE,EL-30316-AA,,,PCB
,,No,No,,"Misc, Finish, Assembly",Assembly,50400,MS,A0504,AA,Current,MS-A0504-AA,,Head Restraint,
,,No,No,,Frame & Body,Part,40401,FR,40401,AA,OBSOLETE,FR-40401-AA,,,
,,No,No,,Electrical,Part,30402,EL,30402,AA,OBSOLETE,EL-30402-AA,,,Control PCB
,,No,No,,Electrical,Part,30403,EL,30403,AA,OBSOLETE,EL-30403-AA,,,RPM Gauge PCB
,,No,No,,Electrical,Part,30404,EL,30404,AA,OBSOLETE,EL-30404-AA,,,Steering Column Mount Insert
,,No,No,,Frame & Body,Part,40405,FR,40405,AA,OBSOLETE,FR-40405-AA,,,
,,No,No,,"Misc, Finish, Assembly",Part,50406,MS,50406,AA,Current,MS-50406-AA,,,Headrest Foam
,,No,No,,Frame & Body,Part,40407,FR,40407,AA,OBSOLETE,FR-40407-AA,,,
,,No,No,,Frame & Body,Part,40408,FR,40408,AA,OBSOLETE,FR-40408-AA,,,
,,No,No,,Drivetrain,Assembly,20500,DT,A0205,AA,OBSOLETE,DT-A0205-AA,,CV Joints,
,,No,No,,Drivetrain,Part,20501,DT,20501,AA,OBSOLETE,DT-20501-AA,,,
,,No,No,,Frame & Body,Part,40502,FR,40502,AA,OBSOLETE,FR-40502-AA,,,
,,No,No,,Frame & Body,Part,40503,FR,40503,AA,OBSOLETE,FR-40503-AA,,,
,,No,No,,"Misc, Finish, Assembly",Part,50504,MS,50504,AA,Current,MS-50504-AA,,,Headrest Cover
,,No,No,,"Misc, Finish, Assembly",Part,50505,MS,50505,AA,Current,MS-50505-AA,,,Headrest Bracket
,,No,No,,"Misc, Finish, Assembly",Part,50506,MS,50506,AA,Current,MS-50506-AA,,,Headrest Surface
,,No,No,,"Misc, Finish, Assembly",Assembly,50600,MS,A0506,AA,Current,MS-A0506-AA,,Seat,
,,No,No,,Frame & Body,Part,40601,FR,40601,AA,OBSOLETE,FR-40601-AA,,,
,,No,No,,"Misc, Finish, Assembly",Part,50602,MS,50602,AA,Current,MS-50602-AA,,,Shoulder Wedge
,,No,No,,Electrical,Part,30603,EL,30603,AA,OBSOLETE,EL-30603-AA,,,Injector Pigtails
,,No,No,,Frame & Body,Part,40604,FR,40604,AA,OBSOLETE,FR-40604-AA,,,
,,No,No,,Frame & Body,Part,40605,FR,40605,AA,OBSOLETE,FR-40605-AA,,,
,,No,No,,Frame & Body,Part,40606,FR,40606,AA,OBSOLETE,FR-40606-AA,,,
,,No,No,,Frame & Body,Part,40607,FR,40607,AA,OBSOLETE,FR-40607-AA,,,
,,No,No,,Drivetrain,Assembly,20700,DT,A0207,AA,OBSOLETE,DT-A0207-AA,,Differential Bearings,
,,No,No,,Drivetrain,Assembly,20800,DT,A0208,AA,OBSOLETE,DT-A0208-AA,,Differential Mounts Assy.,
,,No,No,,Electrical,Part,30801,EL,30801,AA,OBSOLETE,EL-30801-AA,,,
,,No,No,,Frame & Body,Part,40802,FR,40802,AA,OBSOLETE,FR-40802-AA,,,Electrical Enclosure
,,No,No,,Electrical,Part,30803,EL,30803,AA,OBSOLETE,EL-30803-AA,,,
,,No,No,,Electrical,Part,30804,EL,30804,AA,OBSOLETE,EL-30804-AA,,,
,,No,No,,"Misc, Finish, Assembly",Part,50805,MS,50805,AA,Current,MS-50805-AA,,,Seat Backing Plate
,,No,No,,Frame & Body,Part,40806,FR,40806,AA,OBSOLETE,FR-40806-AA,,,
,,No,No,,Frame & Body,Part,40807,FR,40807,AA,OBSOLETE,FR-40807-AA,,,
,,No,No,,"Misc, Finish, Assembly",Part,50808,MS,50808,AA,Current,MS-50808-AA,,,Hip Constraints
,,No,No,,"Misc, Finish, Assembly",Part,50809,MS,50809,AA,OBSOLETE,MS-50809-AA,,,
,,No,No,,Frame & Body,Part,40810,FR,40810,AA,OBSOLETE,FR-40810-AA,,,AIP Inserts
,,No,No,,Frame & Body,Part,40811,FR,40811,AA,OBSOLETE,FR-40811-AA,,,Main Hoop Insert
,,No,No,,"Misc, Finish, Assembly",Assembly,50900,MS,A0509,AA,Current,MS-A0509-AA,,Roll Hoop Padding,
,,No,No,,Frame & Body,Part,40901,FR,40901,AA,OBSOLETE,FR-40901-AA,,,Front Roll Hoop
,,No,No,,Frame & Body,Part,40902,FR,40902,AA,OBSOLETE,FR-40902-AA,,,Harness Mount
,,No,No,,Frame & Body,Part,40903,FR,40903,AA,OBSOLETE,FR-40903-AA,,,Harness Mount - RHS
,,No,No,,Drivetrain,Part,20904,DT,20904,AA,OBSOLETE,DT-20904-AA,,,Dailey Engineering Scavenge Pump
,,No,No,,Drivetrain,Part,20905,DT,20905,AA,OBSOLETE,DT-20905-AA,,,Coolant Outlet Port
,,No,No,,Drivetrain,Part,20906,DT,20906,AA,OBSOLETE,DT-20906-AA,,,Coolant Inlet Port
,,No,No,,Frame & Body,Part,40907,FR,40907,AA,OBSOLETE,FR-40907-AA,,,Composite Chassis
,,No,No,,Frame & Body,Part,40908,FR,40908,AA,OBSOLETE,FR-40908-AA,,,Anti Intrusion Diagonal
,,No,No,,Electrical,Part,30909,EL,30909,AA,OBSOLETE,EL-30909-AA,,,
,,No,No,,Frame & Body,Part,40910,FR,40910,AA,OBSOLETE,FR-40910-AA,,,Anti-Intrusion Plate Insert Backing Plates
,,No,No,,"Misc, Finish, Assembly",Part,50911,MS,50911,AA,Current,MS-50911-AA,,,Roll Hoop Padding
,,No,No,,Frame & Body,Part,40912,FR,40912,AA,OBSOLETE,FR-40912-AA,,,
,,No,No,,Frame & Body,Part,40913,FR,40913,AA,OBSOLETE,FR-40913-AA,,,
,,No,No,,Frame & Body,Assembly,41000,FR,A0410,AA,OBSOLETE,FR-A0410-AA,,Tube Subframe - Rear,
,,No,No,,"Misc, Finish, Assembly",Assembly,51100,MS,A0511,AA,Current,MS-A0511-AA,,Frame Paint,
,,No,No,,"Misc, Finish, Assembly",Part,51101,MS,51101,AA,Current,MS-51101-AA,,,Paint
,,No,No,,"Misc, Finish, Assembly",Assembly,51200,MS,A0512,AA,OBSOLETE,MS-A0512-AA,,Impact Attenuator,
,,No,No,,Drivetrain,Part,21201,DT,21201,AA,OBSOLETE,DT-21201-AA,,,
,,No,No,,"Misc, Finish, Assembly",Part,51202,MS,51202,AA,OBSOLETE,MS-51202-AA,,,Impact Attenuator
,,No,No,,"Misc, Finish, Assembly",Assembly,51300,MS,A0513,AA,Current,MS-A0513-AA,,Brake Light Enclosure,
,,No,No,,Drivetrain,Part,21301,DT,21301,AA,OBSOLETE,DT-21301-AA,,,
,,No,No,,"Misc, Finish, Assembly",Part,51302,MS,51302,AA,Current,MS-51302-AA,,,Brake Light Backplate
,,No,No,,Electrical,Part,31303,EL,31303,AA,OBSOLETE,EL-31303-AA,,,
,,No,No,,Electrical,Part,31304,EL,31304,AA,OBSOLETE,EL-31304-AA,,,
,,No,No,,Frame & Body,Part,41305,FR,41305,AA,OBSOLETE,FR-41305-AA,,,Medium Load Inserts
,,No,No,,"Misc, Finish, Assembly",Part,51306,MS,51306,AA,Current,MS-51306-AA,,,Brake Light Enclosure Bracket
,,No,No,,"Misc, Finish, Assembly",Part,51307,MS,51307,AA,Current,MS-51307-AA,,,Brake Light Frontplate
,,No,No,,"Misc, Finish, Assembly",Part,51308,MS,51308,AA,Current,MS-51308-AA,,,"M6x1.0 L-20mm, Socket Cap, Black-Oxide"
,,No,No,,Drivetrain,Part,21309,DT,21309,AA,OBSOLETE,DT-21309-AA,,,Exhaust Manifold Retaining Spring
,,No,No,,"Misc, Finish, Assembly",Part,51310,MS,51310,AA,Current,MS-51310-AA,,,"M6x1.0 Nut, Nylock"
,,No,No,,Electrical,Part,31311,EL,31311,AA,OBSOLETE,EL-31311-AA,,,
,,No,No,,Electrical,Part,31312,EL,31312,AA,OBSOLETE,EL-31312-AA,,,
,,No,No,,Electrical,Part,31313,EL,31313,AA,OBSOLETE,EL-31313-AA,,,
,,No,No,,Electrical,Part,31314,EL,31314,AA,OBSOLETE,EL-31314-AA,,,
,,No,No,,Frame & Body,Part,41315,FR,41315,AA,OBSOLETE,FR-41315-AA,,,Access Hole Cover
,,No,No,,Electrical,Part,31316,EL,31316,AA,OBSOLETE,EL-31316-AA,,,
,,No,No,,Electrical,Part,31317,EL,31317,AA,OBSOLETE,EL-31317-AA,,,
,,No,No,,Electrical,Part,31318,EL,31318,AA,OBSOLETE,EL-31318-AA,,,
,,No,No,,Frame & Body,Part,41319,FR,41319,AA,OBSOLETE,FR-41319-AA,,,
,,No,No,,Drivetrain,Part,21320,DT,21320,AA,OBSOLETE,DT-21320-AA,,,Fuel Rail Bracket
,,No,No,,Electrical,Part,31321,EL,31321,AA,OBSOLETE,EL-31321-AA,,,
,,No,No,,Electrical,Part,31322,EL,31322,AA,OBSOLETE,EL-31322-AA,,,
,,No,No,,Electrical,Part,31323,EL,31323,AA,OBSOLETE,EL-31323-AA,,,
,,No,No,,Electrical,Part,31324,EL,31324,AA,OBSOLETE,EL-31324-AA,,,
,,No,No,,Electrical,Part,31325,EL,31325,AA,OBSOLETE,EL-31325-AA,,,
,,No,No,,Electrical,Part,31326,EL,31326,AA,OBSOLETE,EL-31326-AA,,,
,,No,No,,"Misc, Finish, Assembly",Part,51327,MS,51327,AA,Current,MS-51327-AA,,,Steering Position Sensor
,,No,No,,Electrical,Part,31328,EL,31328,AA,OBSOLETE,EL-31328-AA,,,Wheel Speed Sensors
,,No,No,,Electrical,Part,31329,EL,31329,AA,OBSOLETE,EL-31329-AA,,,Shock Position Sensors
,,No,No,,Electrical,Part,31330,EL,31330,AA,OBSOLETE,EL-31330-AA,,,Brake Temp Sensors
,,No,No,,"Misc, Finish, Assembly",Part,51331,MS,51331,AA,Current,MS-51331-AA,,,Brake Pressure Sensors
,,No,No,,Electrical,Part,31332,EL,31332,AA,OBSOLETE,EL-31332-AA,,,
,,No,No,,Electrical,Assembly,31400,EL,A0314,AA,OBSOLETE,EL-A0314-AA,,Mini-BCM,Not in 2026 Car
,,No,No,,Frame & Body,Part,41401,FR,41401,AA,OBSOLETE,FR-41401-AA,,,Pedal Box Rails
,,No,No,,Electrical,Part,31402,EL,31402,AA,OBSOLETE,EL-31402-AA,,,PCB
,,No,No,,Electrical,Part,31403,EL,31403,AA,OBSOLETE,EL-31403-AA,,,3D printed case
,,No,No,,Frame & Body,Part,41404,FR,41404,AA,OBSOLETE,FR-41404-AA,,,Brake Pedal Rail Tabs
,,No,No,,Electrical,Part,31405,EL,31405,AA,OBSOLETE,EL-31405-AA,,,Mounting hardware
,,No,No,,Electrical,Part,31406,EL,31406,AA,OBSOLETE,EL-31406-AA,,,2 Pin DTM
,,No,No,,Frame & Body,Part,41407,FR,41407,AA,OBSOLETE,FR-41407-AA,,,
,,No,No,,Frame & Body,Assembly,41500,FR,A0415,AA,OBSOLETE,FR-A0415-AA,,Throttle Pedal Assembly,
,,No,No,,Electrical,Part,31501,EL,31501,AA,OBSOLETE,EL-31501-AA,,,3 Pin DTM
,,No,No,,Electrical,Part,31502,EL,31502,AA,OBSOLETE,EL-31502-AA,,,4 Pin DTM
,,No,No,,Electrical,Part,31503,EL,31503,AA,OBSOLETE,EL-31503-AA,,,6 Pin DTM
,,No,No,,Electrical,Part,31504,EL,31504,AA,OBSOLETE,EL-31504-AA,,,9 Pin DTM
,,No,No,,Electrical,Part,31505,EL,31505,AA,OBSOLETE,EL-31505-AA,,,12 Pin DTM
,,No,No,,Electrical,Part,31506,EL,31506,AA,OBSOLETE,EL-31506-AA,,,26 Pin AMP
,,No,No,,Electrical,Part,31507,EL,31507,AA,OBSOLETE,EL-31507-AA,,,34 Pin AMP
,,No,No,,Drivetrain,Assembly,21600,DT,A0216,AA,OBSOLETE,DT-A0216-AA,,Fuel Tank Assy.,
,,No,No,,Drivetrain,Assembly,21700,DT,A0217,AA,OBSOLETE,DT-A0217-AA,,Fuel Vent/Check Valve,
,,No,No,,Electrical,Part,31701,EL,31701,AA,OBSOLETE,EL-31701-AA,,,16 Pin Circular (PDM)
,,No,No,,Electrical,Part,31702,EL,31702,AA,OBSOLETE,EL-31702-AA,,,19 Pin Circular (PDM)
,,No,No,,Electrical,Part,31703,EL,31703,AA,OBSOLETE,EL-31703-AA,,,47 Pin Circular
,,No,No,,Electrical,Part,31704,EL,31704,AA,OBSOLETE,EL-31704-AA,,,2 Pin OEM
,,No,No,,Electrical,Part,31705,EL,31705,AA,OBSOLETE,EL-31705-AA,,,5 Pin Generic
,,No,No,,Electrical,Part,31706,EL,31706,AA,OBSOLETE,EL-31706-AA,,,22 Pin Circular (AiM)
,,No,No,,Electrical,Part,31707,EL,31707,AA,OBSOLETE,EL-31707-AA,,,37 Pin Circular (AiM)
,,No,No,,Electrical,Part,31708,EL,31708,AA,OBSOLETE,EL-31708-AA,,,2 Pin DT
,,No,No,,Drivetrain,Assembly,21800,DT,A0218,AA,OBSOLETE,DT-A0218-AA,,Restrictor Upper Washer,*Weight including restrictor
,,No,No,,Electrical,Part,31801,EL,31801,AA,OBSOLETE,EL-31801-AA,,,MXL2
,,No,No,,Electrical,Part,31802,EL,31802,AA,OBSOLETE,EL-31802-AA,,,EVO 5
,,No,No,,Electrical,Assembly,31900,EL,A0319,AA,OBSOLETE,EL-A0319-AA,,BSPD,
,,No,No,,Electrical,Part,31901,EL,31901,AA,OBSOLETE,EL-31901-AA,,,BSPD PCB
,,No,No,,Frame & Body,Part,41902,FR,41902,AA,OBSOLETE,FR-41902-AA,,,
,,No,No,,Frame & Body,Part,41903,FR,41903,AA,OBSOLETE,FR-41903-AA,,,
,,No,No,,Electrical,Part,31904,EL,31904,AA,OBSOLETE,EL-31904-AA,,,DCDC Converter
,,No,No,,Frame & Body,Part,41905,FR,41905,AA,OBSOLETE,FR-41905-AA,,,Stopper
,,No,No,,Electrical,Part,31906,EL,31906,AA,OBSOLETE,EL-31906-AA,,,Enclosure
,,No,No,,Electrical,Part,31907,EL,31907,AA,OBSOLETE,EL-31907-AA,,,Mounting hardware
,,No,No,,Frame & Body,Part,41908,FR,41908,AA,OBSOLETE,FR-41908-AA,,,
,,No,No,,Frame & Body,Part,41909,FR,41909,AA,OBSOLETE,FR-41909-AA,,,
,,No,No,,Electrical,Part,31910,EL,31910,AA,OBSOLETE,EL-31910-AA,,,"Gasket 1/16"""
,,No,No,,Electrical,Part,31911,EL,31911,AA,OBSOLETE,EL-31911-AA,,,O-Rings 
,,No,No,,Electrical,Part,31912,EL,31912,AA,OBSOLETE,EL-31912-AA,,,Metal Plate
,,No,No,,Drivetrain,Part,21913,DT,21913,AA,OBSOLETE,DT-21913-AA,,,90 Degree Bend (intake)
,,No,No,,Drivetrain,Part,21914,DT,21914,AA,OBSOLETE,DT-21914-AA,,,Intake Straight tube
,,No,No,,Drivetrain,Part,21915,DT,21915,AA,OBSOLETE,DT-21915-AA,,,Exhuast Straight tube
,,No,No,,Drivetrain,Part,21916,DT,21916,AA,OBSOLETE,DT-21916-AA,,,Perforated Pipe
,,No,No,,Drivetrain,Part,21917,DT,21917,AA,OBSOLETE,DT-21917-AA,,,90 Degree Bend (tailpipe)
,,No,No,,Drivetrain,Part,21918,DT,21918,AA,OBSOLETE,DT-21918-AA,,,Tailpipe Straight Tube
,,No,No,,Drivetrain,Part,21919,DT,21919,AA,OBSOLETE,DT-21919-AA,,,"Transition 2"" to 1.5"""
,,No,No,,Drivetrain,Part,21920,DT,21920,AA,OBSOLETE,DT-21920-AA,,,Fiberglass Packing Material
,,No,No,,Drivetrain,Part,21921,DT,21921,AA,OBSOLETE,DT-21921-AA,,,7 Degree muffler offset tube
,,No,No,,Drivetrain,Part,21922,DT,21922,AA,OBSOLETE,DT-21922-AA,,,Baffle
,,No,No,,Drivetrain,Part,21923,DT,21923,AA,OBSOLETE,DT-21923-AA,,,V Band Flange
,,No,No,,Drivetrain,Part,21924,DT,21924,AA,OBSOLETE,DT-21924-AA,,,Straight Flange after intake 90
,,No,No,,Drivetrain,Part,21925,DT,21925,AA,OBSOLETE,DT-21925-AA,,,
,,No,No,,Drivetrain,Part,21926,DT,21926,AA,OBSOLETE,DT-21926-AA,,,
,,No,No,,Drivetrain,Part,21927,DT,21927,AA,OBSOLETE,DT-21927-AA,,,
,,No,No,,Drivetrain,Part,21928,DT,21928,AA,OBSOLETE,DT-21928-AA,,,
,,No,No,,Drivetrain,Part,21929,DT,21929,AA,OBSOLETE,DT-21929-AA,,,
,,No,No,,Drivetrain,Part,21930,DT,21930,AA,OBSOLETE,DT-21930-AA,,,
,,No,No,,Drivetrain,Part,21931,DT,21931,AA,OBSOLETE,DT-21931-AA,,,BF Valve Body
,,No,No,,Drivetrain,Part,21932,DT,21932,AA,OBSOLETE,DT-21932-AA,,,BF Valve Plate
,,No,No,,Drivetrain,Part,21933,DT,21933,AA,OBSOLETE,DT-21933-AA,,,BF Valve Shaft
,,No,No,,Drivetrain,Part,21934,DT,21934,AA,OBSOLETE,DT-21934-AA,,,TB Damper Mount
,,No,No,,Drivetrain,Part,21935,DT,21935,AA,OBSOLETE,DT-21935-AA,,,Throttle Damper
,,No,No,,Drivetrain,Part,21936,DT,21936,AA,OBSOLETE,DT-21936-AA,,,TB Rotational Spring Torsion Spring 
,,No,No,,Drivetrain,Part,21937,DT,21937,AA,OBSOLETE,DT-21937-AA,,,Spring Stopper Spacer
,,No,No,,Drivetrain,Part,21938,DT,21938,AA,OBSOLETE,DT-21938-AA,,,TB Return Spring_Extension
,,No,No,,Drivetrain,Part,21939,DT,21939,AA,OBSOLETE,DT-21939-AA,,,TB Torsion Spring Stopper
,,No,No,,Drivetrain,Part,21940,DT,21940,AA,OBSOLETE,DT-21940-AA,,,TB Bearing locknut
,,No,No,,Drivetrain,Part,21941,DT,21941,AA,OBSOLETE,DT-21941-AA,,,TB 10mm Bushing
,,No,No,,Drivetrain,Part,21942,DT,21942,AA,OBSOLETE,DT-21942-AA,,,Rivet Nut
,,No,No,,Drivetrain,Part,21943,DT,21943,AA,OBSOLETE,DT-21943-AA,,,TB Cable Mount
,,No,No,,Drivetrain,Part,21944,DT,21944,AA,OBSOLETE,DT-21944-AA,,,TB Cam
,,No,No,,Drivetrain,Part,21945,DT,21945,AA,OBSOLETE,DT-21945-AA,,,"TB Cam Cap, Inner"
,,No,No,,Drivetrain,Part,21946,DT,21946,AA,OBSOLETE,DT-21946-AA,,,"TB Cam Cap, Outter"
,,No,No,,Drivetrain,Part,21947,DT,21947,AA,OBSOLETE,DT-21947-AA,,,TB O-ring
,,No,No,,Drivetrain,Part,21948,DT,21948,AA,OBSOLETE,DT-21948-AA,,,Idle Screw
,,No,No,,Drivetrain,Part,21949,DT,21949,AA,OBSOLETE,DT-21949-AA,,,TB Sensor Spacer
,,No,No,,Drivetrain,Part,21950,DT,21950,AA,OBSOLETE,DT-21950-AA,,,Idle Jam Screw
,,No,No,,Electrical,Part,31951,EL,31951,AA,OBSOLETE,EL-31951-AA,,,Metal Plate
,,No,No,,Electrical,Part,31952,EL,31952,AA,OBSOLETE,EL-31952-AA,,,Metal Plate
,,No,No,,Electrical,Assembly,32000,EL,A0320,AA,OBSOLETE,EL-A0320-AA,,,Metal Plate
,,No,No,,Electrical,Part,32001,EL,32001,AA,OBSOLETE,EL-32001-AA,,,Metal Plate
,,No,No,,Electrical,Part,32002,EL,32002,AA,OBSOLETE,EL-32002-AA,,,Metal Plate
,,No,No,,Electrical,Part,32003,EL,32003,AA,OBSOLETE,EL-32003-AA,,,Metal Plate
,,No,No,,Electrical,Part,32004,EL,32004,AA,OBSOLETE,EL-32004-AA,,,Metal Plate
,,No,No,,Electrical,Part,32005,EL,32005,AA,OBSOLETE,EL-32005-AA,,,Metal Plate
,,No,No,,Steering System,Assembly,60100,ST,A0601,AA,Current,ST-A0601-AA,,Steering Rack Assy,
,,No,No,,Steering System,Part,60101,ST,60101,AA,Current,ST-60101-AA,,,Steering Rack Housing
,,No,No,,Electrical,Part,30102,EL,30102,AA,OBSOLETE,EL-30102-AA,,,
,,No,No,,Electrical,Part,30103,EL,30103,AA,OBSOLETE,EL-30103-AA,,,
,,No,No,,Steering System,Part,60104,ST,60104,AA,Current,ST-60104-AA,,,Steering Rack Pinion
,,No,No,,Steering System,Part,60105,ST,60105,AA,Current,ST-60105-AA,,,Steering Rack Shaft
,,No,No,,Steering System,Part,60106,ST,60106,AA,Current,ST-60106-AA,,,Steering Rack End Caps
,,No,No,,Frame & Body,Part,40107,FR,40107,AA,OBSOLETE,FR-40107-AA,,,
,,No,No,,Frame & Body,Part,40108,FR,40108,AA,OBSOLETE,FR-40108-AA,,,
,,No,No,,Drivetrain,Assembly,20200,DT,A0202,AA,OBSOLETE,DT-A0202-AA,,Carburetor,
,,No,No,,Drivetrain,Part,20201,DT,20201,AA,OBSOLETE,DT-20201-AA,,,
,,No,No,,Steering System,Part,60202,ST,60202,AA,Current,ST-60202-AA,,,Steering Rack Input Shaft
,,No,No,,Frame & Body,Part,40203,FR,40203,AA,OBSOLETE,FR-40203-AA,,,
,,No,No,,Electrical,Part,30204,EL,30204,AA,OBSOLETE,EL-30204-AA,,,Haltech Nexus S2
,,No,No,,Steering System,Part,60205,ST,60205,AA,Current,ST-60205-AA,,,Steering Rack Clevis
,,No,No,,Steering System,Part,60206,ST,60206,AA,OBSOLETE,ST-60206-AA,,,
,,No,No,,Steering System,Part,60207,ST,60207,AA,Current,ST-60207-AA,,,Steering Rack Shaft Spacer
,,No,No,,Steering System,Part,60208,ST,60208,AA,Current,ST-60208-AA,,,Steering Angle Sensor Adapter
,,No,No,,Frame & Body,Part,40209,FR,40209,AA,OBSOLETE,FR-40209-AA,,,
,,No,No,,Steering System,Assembly,60300,ST,A0603,AA,Current,ST-A0603-AA,,Steering Column Assembly,
,,No,No,,Steering System,Part,60301,ST,60301,AA,Current,ST-60301-AA,,,Steering Column Tube
,,No,No,,Electrical,Part,30302,EL,30302,AA,OBSOLETE,EL-30302-AA,,,
,,No,No,,Electrical,Part,30303,EL,30303,AA,OBSOLETE,EL-30303-AA,,,
,,No,No,,Electrical,Part,30304,EL,30304,AA,OBSOLETE,EL-30304-AA,,,
,,No,No,,Electrical,Part,30305,EL,30305,AA,OBSOLETE,EL-30305-AA,,,
,,No,No,,Frame & Body,Part,40306,FR,40306,AA,OBSOLETE,FR-40306-AA,,,
,,No,No,,Steering System,Part,60307,ST,60307,AA,Current,ST-60307-AA,,,U-joints
,,No,No,,Electrical,Part,30308,EL,30308,AA,OBSOLETE,EL-30308-AA,,,PCB
,,No,No,,Steering System,Part,60309,ST,60309,AA,Current,ST-60309-AA,,,U-joint Spider
,,No,No,,Frame & Body,Part,40310,FR,40310,AA,OBSOLETE,FR-40310-AA,,,
,,No,No,,Electrical,Part,30311,EL,30311,AA,OBSOLETE,EL-30311-AA,,,Control PCB
,,No,No,,Electrical,Part,30312,EL,30312,AA,OBSOLETE,EL-30312-AA,,,RPM Gauge PCB
,,No,No,,Electrical,Part,30313,EL,30313,AA,OBSOLETE,EL-30313-AA,,,Steering Column Mount Insert
,,No,No,,Frame & Body,Part,40314,FR,40314,AA,OBSOLETE,FR-40314-AA,,,
,,No,No,,Steering System,Part,60315,ST,60315,AA,Current,ST-60315-AA,,,Upper Shaft
,,No,No,,Frame & Body,Part,40316,FR,40316,AA,OBSOLETE,FR-40316-AA,,,
,,No,No,,Frame & Body,Part,40317,FR,40317,AA,OBSOLETE,FR-40317-AA,,,
,,No,No,,Drivetrain,Assembly,20400,DT,A0204,AA,OBSOLETE,DT-A0204-AA,,CV Joints,
,,No,No,,Drivetrain,Part,20401,DT,20401,AA,OBSOLETE,DT-20401-AA,,,
,,No,No,,Frame & Body,Part,40402,FR,40402,AA,OBSOLETE,FR-40402-AA,,,
,,No,No,,Frame & Body,Part,40403,FR,40403,AA,OBSOLETE,FR-40403-AA,,,
,,No,No,,Steering System,Assembly,60500,ST,A0605,AA,Current,ST-A0605-AA,,Steering Wheel Assembly,
,,No,No,,Steering System,Part,60501,ST,60501,AA,Current,ST-60501-AA,,,Steering Wheel Quick Release
,,No,No,,Steering System,Part,60502,ST,60502,AA,Current,ST-60502-AA,,,Steering Wheel Carbon Faceplate
,,No,No,,Steering System,Part,60503,ST,60503,AA,Current,ST-60503-AA,,,Paddle Shifter Assembly
,,No,No,,Frame & Body,Part,40504,FR,40504,AA,OBSOLETE,FR-40504-AA,,,
,,No,No,,Steering System,Part,60505,ST,60505,AA,Current,ST-60505-AA,,,Hand Grips
,,No,No,,Electrical,Part,30506,EL,30506,AA,OBSOLETE,EL-30506-AA,,,Injector Pigtails
,,No,No,,Frame & Body,Part,40507,FR,40507,AA,OBSOLETE,FR-40507-AA,,,
,,No,No,,Frame & Body,Part,40508,FR,40508,AA,OBSOLETE,FR-40508-AA,,,
,,No,No,,Frame & Body,Part,40509,FR,40509,AA,OBSOLETE,FR-40509-AA,,,
,,No,No,,Frame & Body,Part,40510,FR,40510,AA,OBSOLETE,FR-40510-AA,,,
,,No,No,,Drivetrain,Assembly,20600,DT,A0206,AA,OBSOLETE,DT-A0206-AA,,Differential Bearings,
,,No,No,,Drivetrain,Assembly,20700,DT,A0207,AA,OBSOLETE,DT-A0207-AA,,Differential Mounts Assy.,
,,No,No,,Electrical,Part,30701,EL,30701,AA,OBSOLETE,EL-30701-AA,,,
,,No,No,,Frame & Body,Part,40702,FR,40702,AA,OBSOLETE,FR-40702-AA,,,Electrical Enclosure
,,No,No,,Electrical,Part,30703,EL,30703,AA,OBSOLETE,EL-30703-AA,,,
,,No,No,,Electrical,Part,30704,EL,30704,AA,OBSOLETE,EL-30704-AA,,,
,,No,No,,Steering System,Part,60705,ST,60705,AA,Current,ST-60705-AA,,,Steering Wheel Body 
,,No,No,,Frame & Body,Part,40706,FR,40706,AA,OBSOLETE,FR-40706-AA,,,
,,No,No,,Frame & Body,Part,40707,FR,40707,AA,OBSOLETE,FR-40707-AA,,,
,,No,No,,Steering System,Part,60708,ST,60708,AA,OBSOLETE,ST-60708-AA,,,Paddle Pivot Hardstop
,,No,No,,"Misc, Finish, Assembly",Part,50709,MS,50709,AA,OBSOLETE,MS-50709-AA,,,
,,No,No,,Frame & Body,Part,40710,FR,40710,AA,OBSOLETE,FR-40710-AA,,,AIP Inserts
,,No,No,,Frame & Body,Part,40711,FR,40711,AA,OBSOLETE,FR-40711-AA,,,Main Hoop Insert
,,No,No,,Steering System,Part,60712,ST,60712,AA,OBSOLETE,ST-60712-AA,,,Carbon Shifter Paddles (OLD)
,,No,No,,Frame & Body,Part,40713,FR,40713,AA,OBSOLETE,FR-40713-AA,,,Front Roll Hoop
,,No,No,,Frame & Body,Part,40714,FR,40714,AA,OBSOLETE,FR-40714-AA,,,Harness Mount
,,No,No,,Frame & Body,Part,40715,FR,40715,AA,OBSOLETE,FR-40715-AA,,,Harness Mount - RHS
,,No,No,,Drivetrain,Part,20716,DT,20716,AA,OBSOLETE,DT-20716-AA,,,Dailey Engineering Scavenge Pump
,,No,No,,Drivetrain,Part,20717,DT,20717,AA,OBSOLETE,DT-20717-AA,,,Coolant Outlet Port
,,No,No,,Drivetrain,Part,20718,DT,20718,AA,OBSOLETE,DT-20718-AA,,,Coolant Inlet Port
,,No,No,,Frame & Body,Part,40719,FR,40719,AA,OBSOLETE,FR-40719-AA,,,Composite Chassis
,,No,No,,Frame & Body,Part,40720,FR,40720,AA,OBSOLETE,FR-40720-AA,,,Anti Intrusion Diagonal
,,No,No,,Electrical,Part,30721,EL,30721,AA,OBSOLETE,EL-30721-AA,,,
,,No,No,,Frame & Body,Part,40722,FR,40722,AA,OBSOLETE,FR-40722-AA,,,Anti-Intrusion Plate Insert Backing Plates
,,No,No,,Steering System,Part,60723,ST,60723,AA,OBSOLETE,ST-60723-AA,,,Faceplate Screen Cover
,,No,No,,Frame & Body,Part,40724,FR,40724,AA,OBSOLETE,FR-40724-AA,,,
,,No,No,,Frame & Body,Part,40725,FR,40725,AA,OBSOLETE,FR-40725-AA,,,
,,No,No,,Frame & Body,Assembly,40800,FR,A0408,AA,OBSOLETE,FR-A0408-AA,,Tube Subframe - Rear,
,,No,No,,Steering System,Part,60801,ST,60801,AA,OBSOLETE,ST-60801-AA,,,Faceplate Gasket
,,No,No,,Steering System,Part,60802,ST,60802,AA,OBSOLETE,ST-60802-AA,,,Metal Paddle Shifters
,,No,No,,"Misc, Finish, Assembly",Assembly,50900,MS,A0509,AA,OBSOLETE,MS-A0509-AA,,Impact Attenuator,
,,No,No,,Drivetrain,Part,20901,DT,20901,AA,OBSOLETE,DT-20901-AA,,,
,,No,No,,"Misc, Finish, Assembly",Part,50902,MS,50902,AA,OBSOLETE,MS-50902-AA,,,Impact Attenuator
,,No,No,,Steering System,Assembly,61000,ST,A0610,AA,Current,ST-A0610-AA,,Tie Rod,
,,No,No,,Drivetrain,Part,21001,DT,21001,AA,OBSOLETE,DT-21001-AA,,,
,,No,No,,Steering System,Part,61002,ST,61002,AA,Current,ST-61002-AA,,,Front Tie Rod
,,No,No,,Electrical,Part,31003,EL,31003,AA,OBSOLETE,EL-31003-AA,,,
,,No,No,,Electrical,Part,31004,EL,31004,AA,OBSOLETE,EL-31004-AA,,,
,,No,No,,Frame & Body,Part,41005,FR,41005,AA,OBSOLETE,FR-41005-AA,,,Medium Load Inserts
,,No,No,,Steering System,Part,61006,ST,61006,AA,Current,ST-61006-AA,,,Rear Tie Rod
,,No,No,,Steering System,Assembly,61100,ST,A0611,AA,Current,ST-A0611-AA,,Steering Column Support,
,,No,No,,Steering System,Part,61101,ST,61101,AA,Current,ST-61101-AA,,,Chassis Bracket
,,No,No,,Drivetrain,Part,21102,DT,21102,AA,OBSOLETE,DT-21102-AA,,,Exhaust Manifold Retaining Spring
,,No,No,,Steering System,Part,61103,ST,61103,AA,Current,ST-61103-AA,,,Bearing Housing
,,No,No,,Electrical,Part,31104,EL,31104,AA,OBSOLETE,EL-31104-AA,,,
,,No,No,,Electrical,Part,31105,EL,31105,AA,OBSOLETE,EL-31105-AA,,,
,,No,No,,Electrical,Part,31106,EL,31106,AA,OBSOLETE,EL-31106-AA,,,
,,No,No,,Electrical,Part,31107,EL,31107,AA,OBSOLETE,EL-31107-AA,,,
,,No,No,,Frame & Body,Part,41108,FR,41108,AA,OBSOLETE,FR-41108-AA,,,Access Hole Cover
,,No,No,,Electrical,Part,31109,EL,31109,AA,OBSOLETE,EL-31109-AA,,,
,,No,No,,Electrical,Part,31110,EL,31110,AA,OBSOLETE,EL-31110-AA,,,
,,No,No,,Electrical,Part,31111,EL,31111,AA,OBSOLETE,EL-31111-AA,,,
,,No,No,,Frame & Body,Part,41112,FR,41112,AA,OBSOLETE,FR-41112-AA,,,
,,No,No,,Drivetrain,Part,21113,DT,21113,AA,OBSOLETE,DT-21113-AA,,,Fuel Rail Bracket
,,No,No,,Electrical,Part,31114,EL,31114,AA,OBSOLETE,EL-31114-AA,,,
,,No,No,,Electrical,Part,31115,EL,31115,AA,OBSOLETE,EL-31115-AA,,,
,,No,No,,Electrical,Part,31116,EL,31116,AA,OBSOLETE,EL-31116-AA,,,
,,No,No,,Electrical,Part,31117,EL,31117,AA,OBSOLETE,EL-31117-AA,,,
,,No,No,,Electrical,Part,31118,EL,31118,AA,OBSOLETE,EL-31118-AA,,,
,,No,No,,Electrical,Part,31119,EL,31119,AA,OBSOLETE,EL-31119-AA,,,
,,No,No,,Steering System,Part,61120,ST,61120,AA,Current,ST-61120-AA,,,WHEEL SIDE BEARING
,,No,No,,Electrical,Part,31121,EL,31121,AA,OBSOLETE,EL-31121-AA,,,Wheel Speed Sensors
,,No,No,,Electrical,Part,31122,EL,31122,AA,OBSOLETE,EL-31122-AA,,,Shock Position Sensors
,,No,No,,Electrical,Part,31123,EL,31123,AA,OBSOLETE,EL-31123-AA,,,Brake Temp Sensors
,,No,No,,Steering System,Part,61124,ST,61124,AA,Current,ST-61124-AA,,,COLUMN SIDE BEARING
,,No,No,,Electrical,Part,31125,EL,31125,AA,OBSOLETE,EL-31125-AA,,,
,,No,No,,Electrical,Assembly,31200,EL,A0312,AA,OBSOLETE,EL-A0312-AA,,Mini-BCM,Not in 2026 Car
,,No,No,,Frame & Body,Part,41201,FR,41201,AA,OBSOLETE,FR-41201-AA,,,Pedal Box Rails
,,No,No,,Electrical,Part,31202,EL,31202,AA,OBSOLETE,EL-31202-AA,,,PCB
,,No,No,,Electrical,Part,31203,EL,31203,AA,OBSOLETE,EL-31203-AA,,,3D printed case
,,No,No,,Frame & Body,Part,41204,FR,41204,AA,OBSOLETE,FR-41204-AA,,,Brake Pedal Rail Tabs
,,No,No,,Electrical,Part,31205,EL,31205,AA,OBSOLETE,EL-31205-AA,,,Mounting hardware
,,No,No,,Electrical,Part,31206,EL,31206,AA,OBSOLETE,EL-31206-AA,,,2 Pin DTM
,,No,No,,Frame & Body,Part,41207,FR,41207,AA,OBSOLETE,FR-41207-AA,,,
,,No,No,,Frame & Body,Assembly,41300,FR,A0413,AA,OBSOLETE,FR-A0413-AA,,Throttle Pedal Assembly,
,,No,No,,Electrical,Part,31301,EL,31301,AA,OBSOLETE,EL-31301-AA,,,3 Pin DTM
,,No,No,,Electrical,Part,31302,EL,31302,AA,OBSOLETE,EL-31302-AA,,,4 Pin DTM
,,No,No,,Electrical,Part,31303,EL,31303,AA,OBSOLETE,EL-31303-AA,,,6 Pin DTM
,,No,No,,Electrical,Part,31304,EL,31304,AA,OBSOLETE,EL-31304-AA,,,9 Pin DTM
,,No,No,,Electrical,Part,31305,EL,31305,AA,OBSOLETE,EL-31305-AA,,,12 Pin DTM
,,No,No,,Electrical,Part,31306,EL,31306,AA,OBSOLETE,EL-31306-AA,,,26 Pin AMP
,,No,No,,Electrical,Part,31307,EL,31307,AA,OBSOLETE,EL-31307-AA,,,34 Pin AMP
,,No,No,,Drivetrain,Assembly,21400,DT,A0214,AA,OBSOLETE,DT-A0214-AA,,Fuel Tank Assy.,
,,No,No,,Drivetrain,Assembly,21500,DT,A0215,AA,OBSOLETE,DT-A0215-AA,,Fuel Vent/Check Valve,
,,No,No,,Electrical,Part,31501,EL,31501,AA,OBSOLETE,EL-31501-AA,,,16 Pin Circular (PDM)
,,No,No,,Electrical,Part,31502,EL,31502,AA,OBSOLETE,EL-31502-AA,,,19 Pin Circular (PDM)
,,No,No,,Electrical,Part,31503,EL,31503,AA,OBSOLETE,EL-31503-AA,,,47 Pin Circular
,,No,No,,Electrical,Part,31504,EL,31504,AA,OBSOLETE,EL-31504-AA,,,2 Pin OEM
,,No,No,,Electrical,Part,31505,EL,31505,AA,OBSOLETE,EL-31505-AA,,,5 Pin Generic
,,No,No,,Electrical,Part,31506,EL,31506,AA,OBSOLETE,EL-31506-AA,,,22 Pin Circular (AiM)
,,No,No,,Electrical,Part,31507,EL,31507,AA,OBSOLETE,EL-31507-AA,,,37 Pin Circular (AiM)
,,No,No,,Electrical,Part,31508,EL,31508,AA,OBSOLETE,EL-31508-AA,,,2 Pin DT
,,No,No,,Drivetrain,Assembly,21600,DT,A0216,AA,OBSOLETE,DT-A0216-AA,,Restrictor Upper Washer,*Weight including restrictor
,,No,No,,Electrical,Part,31601,EL,31601,AA,OBSOLETE,EL-31601-AA,,,MXL2
,,No,No,,Electrical,Part,31602,EL,31602,AA,OBSOLETE,EL-31602-AA,,,EVO 5
,,No,No,,Electrical,Assembly,31700,EL,A0317,AA,OBSOLETE,EL-A0317-AA,,BSPD,
,,No,No,,Electrical,Part,31701,EL,31701,AA,OBSOLETE,EL-31701-AA,,,BSPD PCB
,,No,No,,Frame & Body,Part,41702,FR,41702,AA,OBSOLETE,FR-41702-AA,,,
,,No,No,,Frame & Body,Part,41703,FR,41703,AA,OBSOLETE,FR-41703-AA,,,
,,No,No,,Electrical,Part,31704,EL,31704,AA,OBSOLETE,EL-31704-AA,,,DCDC Converter
,,No,No,,Frame & Body,Part,41705,FR,41705,AA,OBSOLETE,FR-41705-AA,,,Stopper
,,No,No,,Electrical,Part,31706,EL,31706,AA,OBSOLETE,EL-31706-AA,,,Enclosure
,,No,No,,Electrical,Part,31707,EL,31707,AA,OBSOLETE,EL-31707-AA,,,Mounting hardware
,,No,No,,Frame & Body,Part,41708,FR,41708,AA,OBSOLETE,FR-41708-AA,,,
,,No,No,,Frame & Body,Part,41709,FR,41709,AA,OBSOLETE,FR-41709-AA,,,
,,No,No,,Electrical,Part,31710,EL,31710,AA,OBSOLETE,EL-31710-AA,,,"Gasket 1/16"""
,,No,No,,Electrical,Part,31711,EL,31711,AA,OBSOLETE,EL-31711-AA,,,O-Rings 
,,No,No,,Electrical,Part,31712,EL,31712,AA,OBSOLETE,EL-31712-AA,,,Metal Plate
,,No,No,,Drivetrain,Part,21713,DT,21713,AA,OBSOLETE,DT-21713-AA,,,90 Degree Bend (intake)
,,No,No,,Drivetrain,Part,21714,DT,21714,AA,OBSOLETE,DT-21714-AA,,,Intake Straight tube
,,No,No,,Drivetrain,Part,21715,DT,21715,AA,OBSOLETE,DT-21715-AA,,,Exhuast Straight tube
,,No,No,,Drivetrain,Part,21716,DT,21716,AA,OBSOLETE,DT-21716-AA,,,Perforated Pipe
,,No,No,,Drivetrain,Part,21717,DT,21717,AA,OBSOLETE,DT-21717-AA,,,90 Degree Bend (tailpipe)
,,No,No,,Drivetrain,Part,21718,DT,21718,AA,OBSOLETE,DT-21718-AA,,,Tailpipe Straight Tube
,,No,No,,Drivetrain,Part,21719,DT,21719,AA,OBSOLETE,DT-21719-AA,,,"Transition 2"" to 1.5"""
,,No,No,,Drivetrain,Part,21720,DT,21720,AA,OBSOLETE,DT-21720-AA,,,Fiberglass Packing Material
,,No,No,,Drivetrain,Part,21721,DT,21721,AA,OBSOLETE,DT-21721-AA,,,7 Degree muffler offset tube
,,No,No,,Drivetrain,Part,21722,DT,21722,AA,OBSOLETE,DT-21722-AA,,,Baffle
,,No,No,,Drivetrain,Part,21723,DT,21723,AA,OBSOLETE,DT-21723-AA,,,V Band Flange
,,No,No,,Drivetrain,Part,21724,DT,21724,AA,OBSOLETE,DT-21724-AA,,,Straight Flange after intake 90
,,No,No,,Drivetrain,Part,21725,DT,21725,AA,OBSOLETE,DT-21725-AA,,,
,,No,No,,Drivetrain,Part,21726,DT,21726,AA,OBSOLETE,DT-21726-AA,,,
,,No,No,,Drivetrain,Part,21727,DT,21727,AA,OBSOLETE,DT-21727-AA,,,
,,No,No,,Drivetrain,Part,21728,DT,21728,AA,OBSOLETE,DT-21728-AA,,,
,,No,No,,Drivetrain,Part,21729,DT,21729,AA,OBSOLETE,DT-21729-AA,,,
,,No,No,,Drivetrain,Part,21730,DT,21730,AA,OBSOLETE,DT-21730-AA,,,
,,No,No,,Drivetrain,Part,21731,DT,21731,AA,OBSOLETE,DT-21731-AA,,,BF Valve Body
,,No,No,,Drivetrain,Part,21732,DT,21732,AA,OBSOLETE,DT-21732-AA,,,BF Valve Plate
,,No,No,,Drivetrain,Part,21733,DT,21733,AA,OBSOLETE,DT-21733-AA,,,BF Valve Shaft
,,No,No,,Drivetrain,Part,21734,DT,21734,AA,OBSOLETE,DT-21734-AA,,,TB Damper Mount
,,No,No,,Drivetrain,Part,21735,DT,21735,AA,OBSOLETE,DT-21735-AA,,,Throttle Damper
,,No,No,,Drivetrain,Part,21736,DT,21736,AA,OBSOLETE,DT-21736-AA,,,TB Rotational Spring Torsion Spring 
,,No,No,,Drivetrain,Part,21737,DT,21737,AA,OBSOLETE,DT-21737-AA,,,Spring Stopper Spacer
,,No,No,,Drivetrain,Part,21738,DT,21738,AA,OBSOLETE,DT-21738-AA,,,TB Return Spring_Extension
,,No,No,,Drivetrain,Part,21739,DT,21739,AA,OBSOLETE,DT-21739-AA,,,TB Torsion Spring Stopper
,,No,No,,Drivetrain,Part,21740,DT,21740,AA,OBSOLETE,DT-21740-AA,,,TB Bearing locknut
,,No,No,,Drivetrain,Part,21741,DT,21741,AA,OBSOLETE,DT-21741-AA,,,TB 10mm Bushing
,,No,No,,Drivetrain,Part,21742,DT,21742,AA,OBSOLETE,DT-21742-AA,,,Rivet Nut
,,No,No,,Drivetrain,Part,21743,DT,21743,AA,OBSOLETE,DT-21743-AA,,,TB Cable Mount
,,No,No,,Drivetrain,Part,21744,DT,21744,AA,OBSOLETE,DT-21744-AA,,,TB Cam
,,No,No,,Drivetrain,Part,21745,DT,21745,AA,OBSOLETE,DT-21745-AA,,,"TB Cam Cap, Inner"
,,No,No,,Drivetrain,Part,21746,DT,21746,AA,OBSOLETE,DT-21746-AA,,,"TB Cam Cap, Outter"
,,No,No,,Drivetrain,Part,21747,DT,21747,AA,OBSOLETE,DT-21747-AA,,,TB O-ring
,,No,No,,Drivetrain,Part,21748,DT,21748,AA,OBSOLETE,DT-21748-AA,,,Idle Screw
,,No,No,,Drivetrain,Part,21749,DT,21749,AA,OBSOLETE,DT-21749-AA,,,TB Sensor Spacer
,,No,No,,Drivetrain,Part,21750,DT,21750,AA,OBSOLETE,DT-21750-AA,,,Idle Jam Screw
,,No,No,,Electrical,Part,31751,EL,31751,AA,OBSOLETE,EL-31751-AA,,,Metal Plate
,,No,No,,Electrical,Part,31752,EL,31752,AA,OBSOLETE,EL-31752-AA,,,Metal Plate
,,No,No,,Electrical,Assembly,31800,EL,A0318,AA,OBSOLETE,EL-A0318-AA,,,Metal Plate
,,No,No,,Electrical,Part,31801,EL,31801,AA,OBSOLETE,EL-31801-AA,,,Metal Plate
,,No,No,,Electrical,Part,31802,EL,31802,AA,OBSOLETE,EL-31802-AA,,,Metal Plate
,,No,No,,Electrical,Part,31803,EL,31803,AA,OBSOLETE,EL-31803-AA,,,Metal Plate
,,No,No,,Electrical,Part,31804,EL,31804,AA,OBSOLETE,EL-31804-AA,,,Metal Plate
,,No,No,,Electrical,Part,31805,EL,31805,AA,OBSOLETE,EL-31805-AA,,,Metal Plate
,,No,No,,Steering System,Part,61806,ST,61806,AA,Current,ST-61806-AA,,,WHEEL SIDE SNAP RING
,,No,No,,Steering System,Part,61807,ST,61807,AA,Current,ST-61807-AA,,,COLUMN SIDE SNAP RING
,,No,No,,Steering System,Assembly,61900,ST,A0619,AA,Current,ST-A0619-AA,,STEERING RACK MOUNT ASSY.,
,,No,No,,Steering System,Part,61901,ST,61901,AA,Current,ST-61901-AA,,,WALL BRKT
,,No,No,,Steering System,Part,61902,ST,61902,AA,OBSOLETE,ST-61902-AA,,,WALL BRKT
,,No,No,,Steering System,Part,61903,ST,61903,AA,Current,ST-61903-AA,,,RACK CLAMP
,,No,No,,Steering System,Part,61904,ST,61904,AA,OBSOLETE,ST-61904-AA,,,
,,No,No,,Steering System,Part,61905,ST,61905,AA,Current,ST-61905-AA,,STEERING POS SENSOR MNT,
,,No,No,,Steering System,Part,61906,ST,61906,AA,Current,ST-61906-AA,,,STEERING SENSOR COUPLER
,,No,No,,Steering System,Part,61907,ST,61907,AA,Current,ST-61907-AA,,,STEERING SENSOR BRKT
,,No,No,,Suspension,Assembly,70100,SU,A0701,AA,Current,SU-A0701-AA,,Damper System,
,,No,No,,Suspension,Part,70101,SU,70101,AA,Current,SU-70101-AA,,,"Modified bolt, shock pos. sensor"
,,No,No,,Electrical,Part,30102,EL,30102,AA,OBSOLETE,EL-30102-AA,,,
,,No,No,,Electrical,Part,30103,EL,30103,AA,OBSOLETE,EL-30103-AA,,,
,,No,No,,Suspension,Part,70104,SU,70104,AA,Current,SU-70104-AA,,,"KW Damper, Front"
,,No,No,,Suspension,Part,70105,SU,70105,AA,Current,SU-70105-AA,,,"KW Damper, Rear"
,,No,No,,Suspension,Part,70106,SU,70106,AA,Current,SU-70106-AA,,,"KW Spring Front, Steel, 35N/mm, 100mm"
,,No,No,,Frame & Body,Part,40107,FR,40107,AA,OBSOLETE,FR-40107-AA,,,
,,No,No,,Frame & Body,Part,40108,FR,40108,AA,OBSOLETE,FR-40108-AA,,,
,,No,No,,Drivetrain,Assembly,20200,DT,A0202,AA,OBSOLETE,DT-A0202-AA,,Carburetor,
,,No,No,,Drivetrain,Part,20201,DT,20201,AA,OBSOLETE,DT-20201-AA,,,
,,No,No,,Suspension,Part,70202,SU,70202,AA,Current,SU-70202-AA,,,"KW Spring Rear, Steel, 35N/mm, 100mm"
,,No,No,,Frame & Body,Part,40203,FR,40203,AA,OBSOLETE,FR-40203-AA,,,
,,No,No,,Electrical,Part,30204,EL,30204,AA,OBSOLETE,EL-30204-AA,,,Haltech Nexus S2
,,No,No,,Suspension,Assembly,70300,SU,A0703,AA,Current,SU-A0703-AA,,Control Links,
,,No,No,,Steering System,Part,60301,ST,60301,AA,OBSOLETE,ST-60301-AA,,,
,,No,No,,Suspension,Part,70302,SU,70302,AA,Current,SU-70302-AA,,,Push Rod Insert
,,No,No,,Suspension,Part,70303,SU,70303,AA,Current,SU-70303-AA,,,Pull Rod Insert
,,No,No,,Frame & Body,Part,40304,FR,40304,AA,OBSOLETE,FR-40304-AA,,,
,,No,No,,Suspension,Assembly,70400,SU,A0704,AA,Current,SU-A0704-AA,,Bellcranks,
,,No,No,,Suspension,Part,70401,SU,70401,AA,Current,SU-70401-AA,,,Front Bellcrank Plate
,,No,No,,Electrical,Part,30402,EL,30402,AA,OBSOLETE,EL-30402-AA,,,
,,No,No,,Electrical,Part,30403,EL,30403,AA,OBSOLETE,EL-30403-AA,,,
,,No,No,,Electrical,Part,30404,EL,30404,AA,OBSOLETE,EL-30404-AA,,,
,,No,No,,Electrical,Part,30405,EL,30405,AA,OBSOLETE,EL-30405-AA,,,
,,No,No,,Frame & Body,Part,40406,FR,40406,AA,OBSOLETE,FR-40406-AA,,,
,,No,No,,Suspension,Part,70407,SU,70407,AA,Current,SU-70407-AA,,,Rear Bellcrank Plate
,,No,No,,Electrical,Part,30408,EL,30408,AA,OBSOLETE,EL-30408-AA,,,PCB
,,No,No,,Suspension,Part,70409,SU,70409,AA,Current,SU-70409-AA,,,Bellcrank Sleeve
,,No,No,,Frame & Body,Part,40410,FR,40410,AA,OBSOLETE,FR-40410-AA,,,
,,No,No,,Electrical,Part,30411,EL,30411,AA,OBSOLETE,EL-30411-AA,,,Control PCB
,,No,No,,Electrical,Part,30412,EL,30412,AA,OBSOLETE,EL-30412-AA,,,RPM Gauge PCB
,,No,No,,Electrical,Part,30413,EL,30413,AA,OBSOLETE,EL-30413-AA,,,Steering Column Mount Insert
,,No,No,,Frame & Body,Part,40414,FR,40414,AA,OBSOLETE,FR-40414-AA,,,
,,No,No,,Suspension,Part,70415,SU,70415,AA,Current,SU-70415-AA,,,Bellcrank Cap 1
,,No,No,,Frame & Body,Part,40416,FR,40416,AA,OBSOLETE,FR-40416-AA,,,
,,No,No,,Frame & Body,Part,40417,FR,40417,AA,OBSOLETE,FR-40417-AA,,,
,,No,No,,Drivetrain,Assembly,20500,DT,A0205,AA,OBSOLETE,DT-A0205-AA,,CV Joints,
,,No,No,,Drivetrain,Part,20501,DT,20501,AA,OBSOLETE,DT-20501-AA,,,
,,No,No,,Frame & Body,Part,40502,FR,40502,AA,OBSOLETE,FR-40502-AA,,,
,,No,No,,Frame & Body,Part,40503,FR,40503,AA,OBSOLETE,FR-40503-AA,,,
,,No,No,,Suspension,Part,70504,SU,70504,AA,Current,SU-70504-AA,,,Bellcrank Cap 2
,,No,No,,Suspension,Part,70505,SU,70505,AA,Current,SU-70505-AA,,,Bellcrank Housing
,,No,No,,Suspension,Part,70506,SU,70506,AA,Current,SU-70506-AA,,,Front Bellcrank ARB Spacer
,,No,No,,Suspension,Assembly,70600,SU,A0706,AA,Current,SU-A0706-AA,,Uprights, (FL - 3.9) (FR - 3.86) (RR - 4.2) (RL - 4.17) full corner assem inc rotors
,,No,No,,Frame & Body,Part,40601,FR,40601,AA,OBSOLETE,FR-40601-AA,,,
,,No,No,,Suspension,Part,70602,SU,70602,AA,Current,SU-70602-AA,,,Front Upright
,,No,No,,Electrical,Part,30603,EL,30603,AA,OBSOLETE,EL-30603-AA,,,Injector Pigtails
,,No,No,,Frame & Body,Part,40604,FR,40604,AA,OBSOLETE,FR-40604-AA,,,
,,No,No,,Frame & Body,Part,40605,FR,40605,AA,OBSOLETE,FR-40605-AA,,,
,,No,No,,Frame & Body,Part,40606,FR,40606,AA,OBSOLETE,FR-40606-AA,,,
,,No,No,,Frame & Body,Part,40607,FR,40607,AA,OBSOLETE,FR-40607-AA,,,
,,No,No,,Drivetrain,Assembly,20700,DT,A0207,AA,OBSOLETE,DT-A0207-AA,,Differential Bearings,
,,No,No,,Drivetrain,Assembly,20800,DT,A0208,AA,OBSOLETE,DT-A0208-AA,,Differential Mounts Assy.,
,,No,No,,Electrical,Part,30801,EL,30801,AA,OBSOLETE,EL-30801-AA,,,
,,No,No,,Frame & Body,Part,40802,FR,40802,AA,OBSOLETE,FR-40802-AA,,,Electrical Enclosure
,,No,No,,Electrical,Part,30803,EL,30803,AA,OBSOLETE,EL-30803-AA,,,
,,No,No,,Electrical,Part,30804,EL,30804,AA,OBSOLETE,EL-30804-AA,,,
,,No,No,,Suspension,Part,70805,SU,70805,AA,Current,SU-70805-AA,,,Front Upright Clevis
,,No,No,,Frame & Body,Part,40806,FR,40806,AA,OBSOLETE,FR-40806-AA,,,
,,No,No,,Frame & Body,Part,40807,FR,40807,AA,OBSOLETE,FR-40807-AA,,,
,,No,No,,Steering System,Part,60808,ST,60808,AA,OBSOLETE,ST-60808-AA,,,Paddle Pivot Hardstop
,,No,No,,"Misc, Finish, Assembly",Part,50809,MS,50809,AA,OBSOLETE,MS-50809-AA,,,
,,No,No,,Frame & Body,Part,40810,FR,40810,AA,OBSOLETE,FR-40810-AA,,,AIP Inserts
,,No,No,,Frame & Body,Part,40811,FR,40811,AA,OBSOLETE,FR-40811-AA,,,Main Hoop Insert
,,No,No,,Steering System,Part,60812,ST,60812,AA,OBSOLETE,ST-60812-AA,,,Carbon Shifter Paddles (OLD)
,,No,No,,Frame & Body,Part,40813,FR,40813,AA,OBSOLETE,FR-40813-AA,,,Front Roll Hoop
,,No,No,,Frame & Body,Part,40814,FR,40814,AA,OBSOLETE,FR-40814-AA,,,Harness Mount
,,No,No,,Frame & Body,Part,40815,FR,40815,AA,OBSOLETE,FR-40815-AA,,,Harness Mount - RHS
,,No,No,,Drivetrain,Part,20816,DT,20816,AA,OBSOLETE,DT-20816-AA,,,Dailey Engineering Scavenge Pump
,,No,No,,Drivetrain,Part,20817,DT,20817,AA,OBSOLETE,DT-20817-AA,,,Coolant Outlet Port
,,No,No,,Drivetrain,Part,20818,DT,20818,AA,OBSOLETE,DT-20818-AA,,,Coolant Inlet Port
,,No,No,,Frame & Body,Part,40819,FR,40819,AA,OBSOLETE,FR-40819-AA,,,Composite Chassis
,,No,No,,Frame & Body,Part,40820,FR,40820,AA,OBSOLETE,FR-40820-AA,,,Anti Intrusion Diagonal
,,No,No,,Electrical,Part,30821,EL,30821,AA,OBSOLETE,EL-30821-AA,,,
,,No,No,,Frame & Body,Part,40822,FR,40822,AA,OBSOLETE,FR-40822-AA,,,Anti-Intrusion Plate Insert Backing Plates
,,No,No,,Steering System,Part,60823,ST,60823,AA,OBSOLETE,ST-60823-AA,,,Faceplate Screen Cover
,,No,No,,Frame & Body,Part,40824,FR,40824,AA,OBSOLETE,FR-40824-AA,,,
,,No,No,,Frame & Body,Part,40825,FR,40825,AA,OBSOLETE,FR-40825-AA,,,
,,No,No,,Frame & Body,Assembly,40900,FR,A0409,AA,OBSOLETE,FR-A0409-AA,,Tube Subframe - Rear,
,,No,No,,Steering System,Part,60901,ST,60901,AA,OBSOLETE,ST-60901-AA,,,Faceplate Gasket
,,No,No,,Steering System,Part,60902,ST,60902,AA,OBSOLETE,ST-60902-AA,,,Metal Paddle Shifters
,,No,No,,"Misc, Finish, Assembly",Assembly,51000,MS,A0510,AA,OBSOLETE,MS-A0510-AA,,Impact Attenuator,
,,No,No,,Drivetrain,Part,21001,DT,21001,AA,OBSOLETE,DT-21001-AA,,,
,,No,No,,"Misc, Finish, Assembly",Part,51002,MS,51002,AA,OBSOLETE,MS-51002-AA,,,Impact Attenuator
,,No,No,,Suspension,Part,71003,SU,71003,AA,Current,SU-71003-AA,,,Camber Shim
,,No,No,,Drivetrain,Part,21004,DT,21004,AA,OBSOLETE,DT-21004-AA,,,
,,No,No,,Suspension,Part,71005,SU,71005,AA,Current,SU-71005-AA,,,Rear Upright
,,No,No,,Electrical,Part,31006,EL,31006,AA,OBSOLETE,EL-31006-AA,,,
,,No,No,,Electrical,Part,31007,EL,31007,AA,OBSOLETE,EL-31007-AA,,,
,,No,No,,Frame & Body,Part,41008,FR,41008,AA,OBSOLETE,FR-41008-AA,,,Medium Load Inserts
,,No,No,,Suspension,Part,71009,SU,71009,AA,Current,SU-71009-AA,,,Rear Upright Clevis
,,No,No,,Suspension,Part,71010,SU,71010,AA,Current,SU-71010-AA,,,Front Wheel Speed Sensor Bracket
,,No,No,,Suspension,Assembly,71100,SU,A0711,AA,Current,SU-A0711-AA,,Rear Anti-Roll Bar,
,,No,No,,Drivetrain,Part,21101,DT,21101,AA,OBSOLETE,DT-21101-AA,,,Exhaust Manifold Retaining Spring
,,No,No,,Suspension,Part,71102,SU,71102,AA,Current,SU-71102-AA,,,Blades
,,No,No,,Electrical,Part,31103,EL,31103,AA,OBSOLETE,EL-31103-AA,,,
,,No,No,,Electrical,Part,31104,EL,31104,AA,OBSOLETE,EL-31104-AA,,,
,,No,No,,Electrical,Part,31105,EL,31105,AA,OBSOLETE,EL-31105-AA,,,
,,No,No,,Electrical,Part,31106,EL,31106,AA,OBSOLETE,EL-31106-AA,,,
,,No,No,,Frame & Body,Part,41107,FR,41107,AA,OBSOLETE,FR-41107-AA,,,Access Hole Cover
,,No,No,,Electrical,Part,31108,EL,31108,AA,OBSOLETE,EL-31108-AA,,,
,,No,No,,Electrical,Part,31109,EL,31109,AA,OBSOLETE,EL-31109-AA,,,
,,No,No,,Electrical,Part,31110,EL,31110,AA,OBSOLETE,EL-31110-AA,,,
,,No,No,,Frame & Body,Part,41111,FR,41111,AA,OBSOLETE,FR-41111-AA,,,
,,No,No,,Drivetrain,Part,21112,DT,21112,AA,OBSOLETE,DT-21112-AA,,,Fuel Rail Bracket
,,No,No,,Electrical,Part,31113,EL,31113,AA,OBSOLETE,EL-31113-AA,,,
,,No,No,,Electrical,Part,31114,EL,31114,AA,OBSOLETE,EL-31114-AA,,,
,,No,No,,Electrical,Part,31115,EL,31115,AA,OBSOLETE,EL-31115-AA,,,
,,No,No,,Electrical,Part,31116,EL,31116,AA,OBSOLETE,EL-31116-AA,,,
,,No,No,,Electrical,Part,31117,EL,31117,AA,OBSOLETE,EL-31117-AA,,,
,,No,No,,Electrical,Part,31118,EL,31118,AA,OBSOLETE,EL-31118-AA,,,
,,No,No,,Suspension,Part,71119,SU,71119,AA,Current,SU-71119-AA,,,Blade Bushings
,,No,No,,Electrical,Part,31120,EL,31120,AA,OBSOLETE,EL-31120-AA,,,Wheel Speed Sensors
,,No,No,,Electrical,Part,31121,EL,31121,AA,OBSOLETE,EL-31121-AA,,,Shock Position Sensors
,,No,No,,Electrical,Part,31122,EL,31122,AA,OBSOLETE,EL-31122-AA,,,Brake Temp Sensors
,,No,No,,Suspension,Part,71123,SU,71123,AA,Current,SU-71123-AA,,,Clocking Plate
,,No,No,,Electrical,Part,31124,EL,31124,AA,OBSOLETE,EL-31124-AA,,,
,,No,No,,Electrical,Assembly,31200,EL,A0312,AA,OBSOLETE,EL-A0312-AA,,Mini-BCM,Not in 2026 Car
,,No,No,,Frame & Body,Part,41201,FR,41201,AA,OBSOLETE,FR-41201-AA,,,Pedal Box Rails
,,No,No,,Electrical,Part,31202,EL,31202,AA,OBSOLETE,EL-31202-AA,,,PCB
,,No,No,,Electrical,Part,31203,EL,31203,AA,OBSOLETE,EL-31203-AA,,,3D printed case
,,No,No,,Frame & Body,Part,41204,FR,41204,AA,OBSOLETE,FR-41204-AA,,,Brake Pedal Rail Tabs
,,No,No,,Electrical,Part,31205,EL,31205,AA,OBSOLETE,EL-31205-AA,,,Mounting hardware
,,No,No,,Electrical,Part,31206,EL,31206,AA,OBSOLETE,EL-31206-AA,,,2 Pin DTM
,,No,No,,Frame & Body,Part,41207,FR,41207,AA,OBSOLETE,FR-41207-AA,,,
,,No,No,,Frame & Body,Assembly,41300,FR,A0413,AA,OBSOLETE,FR-A0413-AA,,Throttle Pedal Assembly,
,,No,No,,Electrical,Part,31301,EL,31301,AA,OBSOLETE,EL-31301-AA,,,3 Pin DTM
,,No,No,,Electrical,Part,31302,EL,31302,AA,OBSOLETE,EL-31302-AA,,,4 Pin DTM
,,No,No,,Electrical,Part,31303,EL,31303,AA,OBSOLETE,EL-31303-AA,,,6 Pin DTM
,,No,No,,Electrical,Part,31304,EL,31304,AA,OBSOLETE,EL-31304-AA,,,9 Pin DTM
,,No,No,,Electrical,Part,31305,EL,31305,AA,OBSOLETE,EL-31305-AA,,,12 Pin DTM
,,No,No,,Electrical,Part,31306,EL,31306,AA,OBSOLETE,EL-31306-AA,,,26 Pin AMP
,,No,No,,Electrical,Part,31307,EL,31307,AA,OBSOLETE,EL-31307-AA,,,34 Pin AMP
,,No,No,,Drivetrain,Assembly,21400,DT,A0214,AA,OBSOLETE,DT-A0214-AA,,Fuel Tank Assy.,
,,No,No,,Drivetrain,Assembly,21500,DT,A0215,AA,OBSOLETE,DT-A0215-AA,,Fuel Vent/Check Valve,
,,No,No,,Electrical,Part,31501,EL,31501,AA,OBSOLETE,EL-31501-AA,,,16 Pin Circular (PDM)
,,No,No,,Electrical,Part,31502,EL,31502,AA,OBSOLETE,EL-31502-AA,,,19 Pin Circular (PDM)
,,No,No,,Electrical,Part,31503,EL,31503,AA,OBSOLETE,EL-31503-AA,,,47 Pin Circular
,,No,No,,Electrical,Part,31504,EL,31504,AA,OBSOLETE,EL-31504-AA,,,2 Pin OEM
,,No,No,,Electrical,Part,31505,EL,31505,AA,OBSOLETE,EL-31505-AA,,,5 Pin Generic
,,No,No,,Electrical,Part,31506,EL,31506,AA,OBSOLETE,EL-31506-AA,,,22 Pin Circular (AiM)
,,No,No,,Electrical,Part,31507,EL,31507,AA,OBSOLETE,EL-31507-AA,,,37 Pin Circular (AiM)
,,No,No,,Electrical,Part,31508,EL,31508,AA,OBSOLETE,EL-31508-AA,,,2 Pin DT
,,No,No,,Drivetrain,Assembly,21600,DT,A0216,AA,OBSOLETE,DT-A0216-AA,,Restrictor Upper Washer,*Weight including restrictor
,,No,No,,Electrical,Part,31601,EL,31601,AA,OBSOLETE,EL-31601-AA,,,MXL2
,,No,No,,Electrical,Part,31602,EL,31602,AA,OBSOLETE,EL-31602-AA,,,EVO 5
,,No,No,,Electrical,Assembly,31700,EL,A0317,AA,OBSOLETE,EL-A0317-AA,,BSPD,
,,No,No,,Electrical,Part,31701,EL,31701,AA,OBSOLETE,EL-31701-AA,,,BSPD PCB
,,No,No,,Frame & Body,Part,41702,FR,41702,AA,OBSOLETE,FR-41702-AA,,,
,,No,No,,Frame & Body,Part,41703,FR,41703,AA,OBSOLETE,FR-41703-AA,,,
,,No,No,,Electrical,Part,31704,EL,31704,AA,OBSOLETE,EL-31704-AA,,,DCDC Converter
,,No,No,,Frame & Body,Part,41705,FR,41705,AA,OBSOLETE,FR-41705-AA,,,Stopper
,,No,No,,Electrical,Part,31706,EL,31706,AA,OBSOLETE,EL-31706-AA,,,Enclosure
,,No,No,,Electrical,Part,31707,EL,31707,AA,OBSOLETE,EL-31707-AA,,,Mounting hardware
,,No,No,,Frame & Body,Part,41708,FR,41708,AA,OBSOLETE,FR-41708-AA,,,
,,No,No,,Frame & Body,Part,41709,FR,41709,AA,OBSOLETE,FR-41709-AA,,,
,,No,No,,Electrical,Part,31710,EL,31710,AA,OBSOLETE,EL-31710-AA,,,"Gasket 1/16"""
,,No,No,,Electrical,Part,31711,EL,31711,AA,OBSOLETE,EL-31711-AA,,,O-Rings 
,,No,No,,Electrical,Part,31712,EL,31712,AA,OBSOLETE,EL-31712-AA,,,Metal Plate
,,No,No,,Drivetrain,Part,21713,DT,21713,AA,OBSOLETE,DT-21713-AA,,,90 Degree Bend (intake)
,,No,No,,Drivetrain,Part,21714,DT,21714,AA,OBSOLETE,DT-21714-AA,,,Intake Straight tube
,,No,No,,Drivetrain,Part,21715,DT,21715,AA,OBSOLETE,DT-21715-AA,,,Exhuast Straight tube
,,No,No,,Drivetrain,Part,21716,DT,21716,AA,OBSOLETE,DT-21716-AA,,,Perforated Pipe
,,No,No,,Drivetrain,Part,21717,DT,21717,AA,OBSOLETE,DT-21717-AA,,,90 Degree Bend (tailpipe)
,,No,No,,Drivetrain,Part,21718,DT,21718,AA,OBSOLETE,DT-21718-AA,,,Tailpipe Straight Tube
,,No,No,,Drivetrain,Part,21719,DT,21719,AA,OBSOLETE,DT-21719-AA,,,"Transition 2"" to 1.5"""
,,No,No,,Drivetrain,Part,21720,DT,21720,AA,OBSOLETE,DT-21720-AA,,,Fiberglass Packing Material
,,No,No,,Drivetrain,Part,21721,DT,21721,AA,OBSOLETE,DT-21721-AA,,,7 Degree muffler offset tube
,,No,No,,Drivetrain,Part,21722,DT,21722,AA,OBSOLETE,DT-21722-AA,,,Baffle
,,No,No,,Drivetrain,Part,21723,DT,21723,AA,OBSOLETE,DT-21723-AA,,,V Band Flange
,,No,No,,Drivetrain,Part,21724,DT,21724,AA,OBSOLETE,DT-21724-AA,,,Straight Flange after intake 90
,,No,No,,Drivetrain,Part,21725,DT,21725,AA,OBSOLETE,DT-21725-AA,,,
,,No,No,,Drivetrain,Part,21726,DT,21726,AA,OBSOLETE,DT-21726-AA,,,
,,No,No,,Drivetrain,Part,21727,DT,21727,AA,OBSOLETE,DT-21727-AA,,,
,,No,No,,Drivetrain,Part,21728,DT,21728,AA,OBSOLETE,DT-21728-AA,,,
,,No,No,,Drivetrain,Part,21729,DT,21729,AA,OBSOLETE,DT-21729-AA,,,
,,No,No,,Drivetrain,Part,21730,DT,21730,AA,OBSOLETE,DT-21730-AA,,,
,,No,No,,Drivetrain,Part,21731,DT,21731,AA,OBSOLETE,DT-21731-AA,,,BF Valve Body
,,No,No,,Drivetrain,Part,21732,DT,21732,AA,OBSOLETE,DT-21732-AA,,,BF Valve Plate
,,No,No,,Drivetrain,Part,21733,DT,21733,AA,OBSOLETE,DT-21733-AA,,,BF Valve Shaft
,,No,No,,Drivetrain,Part,21734,DT,21734,AA,OBSOLETE,DT-21734-AA,,,TB Damper Mount
,,No,No,,Drivetrain,Part,21735,DT,21735,AA,OBSOLETE,DT-21735-AA,,,Throttle Damper
,,No,No,,Drivetrain,Part,21736,DT,21736,AA,OBSOLETE,DT-21736-AA,,,TB Rotational Spring Torsion Spring 
,,No,No,,Drivetrain,Part,21737,DT,21737,AA,OBSOLETE,DT-21737-AA,,,Spring Stopper Spacer
,,No,No,,Drivetrain,Part,21738,DT,21738,AA,OBSOLETE,DT-21738-AA,,,TB Return Spring_Extension
,,No,No,,Drivetrain,Part,21739,DT,21739,AA,OBSOLETE,DT-21739-AA,,,TB Torsion Spring Stopper
,,No,No,,Drivetrain,Part,21740,DT,21740,AA,OBSOLETE,DT-21740-AA,,,TB Bearing locknut
,,No,No,,Drivetrain,Part,21741,DT,21741,AA,OBSOLETE,DT-21741-AA,,,TB 10mm Bushing
,,No,No,,Drivetrain,Part,21742,DT,21742,AA,OBSOLETE,DT-21742-AA,,,Rivet Nut
,,No,No,,Drivetrain,Part,21743,DT,21743,AA,OBSOLETE,DT-21743-AA,,,TB Cable Mount
,,No,No,,Drivetrain,Part,21744,DT,21744,AA,OBSOLETE,DT-21744-AA,,,TB Cam
,,No,No,,Drivetrain,Part,21745,DT,21745,AA,OBSOLETE,DT-21745-AA,,,"TB Cam Cap, Inner"
,,No,No,,Drivetrain,Part,21746,DT,21746,AA,OBSOLETE,DT-21746-AA,,,"TB Cam Cap, Outter"
,,No,No,,Drivetrain,Part,21747,DT,21747,AA,OBSOLETE,DT-21747-AA,,,TB O-ring
,,No,No,,Drivetrain,Part,21748,DT,21748,AA,OBSOLETE,DT-21748-AA,,,Idle Screw
,,No,No,,Drivetrain,Part,21749,DT,21749,AA,OBSOLETE,DT-21749-AA,,,TB Sensor Spacer
,,No,No,,Drivetrain,Part,21750,DT,21750,AA,OBSOLETE,DT-21750-AA,,,Idle Jam Screw
,,No,No,,Electrical,Part,31751,EL,31751,AA,OBSOLETE,EL-31751-AA,,,Metal Plate
,,No,No,,Electrical,Part,31752,EL,31752,AA,OBSOLETE,EL-31752-AA,,,Metal Plate
,,No,No,,Electrical,Assembly,31800,EL,A0318,AA,OBSOLETE,EL-A0318-AA,,,Metal Plate
,,No,No,,Electrical,Part,31801,EL,31801,AA,OBSOLETE,EL-31801-AA,,,Metal Plate
,,No,No,,Electrical,Part,31802,EL,31802,AA,OBSOLETE,EL-31802-AA,,,Metal Plate
,,No,No,,Electrical,Part,31803,EL,31803,AA,OBSOLETE,EL-31803-AA,,,Metal Plate
,,No,No,,Electrical,Part,31804,EL,31804,AA,OBSOLETE,EL-31804-AA,,,Metal Plate
,,No,No,,Electrical,Part,31805,EL,31805,AA,OBSOLETE,EL-31805-AA,,,Metal Plate
,,No,No,,Suspension,Part,71806,SU,71806,AA,Current,SU-71806-AA,,,Bar Ends
,,No,No,,Suspension,Part,71807,SU,71807,AA,Current,SU-71807-AA,,,Torsion Bar
,,No,No,,Suspension,Part,71808,SU,71808,AA,Current,SU-71808-AA,,,Bearing Mount
,,No,No,,Suspension,Part,71809,SU,71809,AA,OBSOLETE,SU-71809-AA,,,Mount Bearing Housing
,,No,No,,Steering System,Part,61810,ST,61810,AA,OBSOLETE,ST-61810-AA,,,WALL BRKT
,,No,No,,Suspension,Part,71811,SU,71811,AA,Current,SU-71811-AA,,,Bearing Thrust Plates
,,No,No,,Steering System,Part,61812,ST,61812,AA,OBSOLETE,ST-61812-AA,,,
,,No,No,,Suspension,Part,71813,SU,71813,AA,Current,SU-71813-AA,,,Drop Link
,,No,No,,Suspension,Part,71814,SU,71814,AA,OBSOLETE,SU-71814-AA,,,Bearing Inner Sleeve
,,No,No,,Suspension,Part,71815,SU,71815,AA,OBSOLETE,SU-71815-AA,,,Bearing Outer Sleeve
,,No,No,,Suspension,Part,71816,SU,71816,AA,OBSOLETE,SU-71816-AA,,,Bearing Housing Cover
,,No,No,,Suspension,Part,71817,SU,71817,AA,OBSOLETE,SU-71817-AA,,,Bearing Shell
,,No,No,,Suspension,Part,71818,SU,71818,AA,OBSOLETE,SU-71818-AA,,,Bearing Housing Steel Cover
,,No,No,,Suspension,Assembly,71900,SU,A0719,AA,Current,SU-A0719-AA,,A Arms ,
,,No,No,,Suspension,Part,71901,SU,71901,AA,Current,SU-71901-AA,,,Outboard Bearing Housing
,,No,No,,Suspension,Part,71902,SU,71902,AA,Current,SU-71902-AA,,,Steel Tubes
,,No,No,,Suspension,Part,71903,SU,71903,AA,Current,SU-71903-AA,,,Front Upper Gusset
,,No,No,,Suspension,Part,71904,SU,71904,AA,Current,SU-71904-AA,,,Front Lower Gusset
,,No,No,,Suspension,Part,71905,SU,71905,AA,Current,SU-71905-AA,,,Rear Upper Gusset
,,No,No,,Suspension,Part,71906,SU,71906,AA,Current,SU-71906-AA,,,Rear Lower Gusset
,,No,No,,Suspension,Part,71907,SU,71907,AA,Current,SU-71907-AA,,,Push Rod Tabs
,,No,No,,Suspension,Part,71908,SU,71908,AA,Current,SU-71908-AA,,,Pull Rod Tabs
,,No,No,,Suspension,Part,71909,SU,71909,AA,Current,SU-71909-AA,,,Inboard Tube Insert
,,No,No,,Suspension,Assembly,72000,SU,A0720,AA,Current,SU-A0720-AA,,Front Anti-Roll Bar,
,,No,No,,Suspension,Part,72001,SU,72001,AA,Current,SU-72001-AA,,,Blades
,,No,No,,Suspension,Part,72002,SU,72002,AA,Current,SU-72002-AA,,,Blade Bushings
,,No,No,,Suspension,Part,72003,SU,72003,AA,Current,SU-72003-AA,,,Clocking Plates
,,No,No,,Suspension,Part,72004,SU,72004,AA,Current,SU-72004-AA,,,Bar Ends
,,No,No,,Suspension,Part,72005,SU,72005,AA,Current,SU-72005-AA,,,Torsion Bar
,,No,No,,Suspension,Part,72006,SU,72006,AA,OBSOLETE,SU-72006-AA,,,Mount Bearings
,,No,No,,Suspension,Part,72007,SU,72007,AA,Current,SU-72007-AA,,,Bearing Mount
,,No,No,,Suspension,Part,72008,SU,72008,AA,Current,SU-72008-AA,,,Mount Plates
,,No,No,,Suspension,Part,72009,SU,72009,AA,OBSOLETE,SU-72009-AA,,,Blade Bolts
,,No,No,,Suspension,Part,72010,SU,72010,AA,Current,SU-72010-AA,,,Drop links
,,No,No,,Suspension,Part,72011,SU,72011,AA,OBSOLETE,SU-72011-AA,,,Blade Nuts
,,No,No,,"Wheels, Wheel Bearings & Tires",Assembly,80100,WT,A0801,AA,Current,WT-A0801-AA,,Wheel Assembly,
,,No,No,,"Wheels, Wheel Bearings & Tires",Part,80101,WT,80101,AA,Current,WT-80101-AA,,,"Tire (#1 - 4.350, #2 - 4.530, #3 - 4.450, #4 - 4.450)"
,,No,No,,Electrical,Part,30102,EL,30102,AA,OBSOLETE,EL-30102-AA,,,
,,No,No,,Electrical,Part,30103,EL,30103,AA,OBSOLETE,EL-30103-AA,,,
,,No,No,,"Wheels, Wheel Bearings & Tires",Part,80104,WT,80104,AA,Current,WT-80104-AA,,,Rim
,,No,No,,"Wheels, Wheel Bearings & Tires",Part,80105,WT,80105,AA,Current,WT-80105-AA,,,Valve Stems
,,No,No,,"Wheels, Wheel Bearings & Tires",Assembly,80200,WT,A0802,AA,Current,WT-A0802-AA,,Rear Hubs,
,,No,No,,Frame & Body,Part,40201,FR,40201,AA,OBSOLETE,FR-40201-AA,,,
,,No,No,,Frame & Body,Part,40202,FR,40202,AA,OBSOLETE,FR-40202-AA,,,
,,No,No,,Drivetrain,Assembly,20300,DT,A0203,AA,OBSOLETE,DT-A0203-AA,,Carburetor,
,,No,No,,Drivetrain,Part,20301,DT,20301,AA,OBSOLETE,DT-20301-AA,,,
,,No,No,,"Wheels, Wheel Bearings & Tires",Part,80302,WT,80302,AA,OBSOLETE,WT-80302-AA,,,Front Hub
,,No,No,,Frame & Body,Part,40303,FR,40303,AA,OBSOLETE,FR-40303-AA,,,
,,No,No,,Electrical,Part,30304,EL,30304,AA,OBSOLETE,EL-30304-AA,,,Haltech Nexus S2
,,No,No,,"Wheels, Wheel Bearings & Tires",Part,80305,WT,80305,AA,Current,WT-80305-AA,,,Centrelock Nut
,,No,No,,Steering System,Part,60306,ST,60306,AA,OBSOLETE,ST-60306-AA,,,
,,No,No,,"Wheels, Wheel Bearings & Tires",Part,80307,WT,80307,AA,OBSOLETE,WT-80307-AA,,,Front Retaining Ring
,,No,No,,"Wheels, Wheel Bearings & Tires",Part,80308,WT,80308,AA,Current,WT-80308-AA,,,Drive Pegs 
,,No,No,,Frame & Body,Part,40309,FR,40309,AA,OBSOLETE,FR-40309-AA,,,
,,No,No,,"Wheels, Wheel Bearings & Tires",Part,80310,WT,80310,AA,OBSOLETE,WT-80310-AA,,,Front Reluctor Ring
,,No,No,,"Wheels, Wheel Bearings & Tires",Part,80311,WT,80311,AA,OBSOLETE,WT-80311-AA,,,"Wheel Nut Pin (pin, cotter, hairpin now)"
,,No,No,,Electrical,Part,30312,EL,30312,AA,OBSOLETE,EL-30312-AA,,,
,,No,No,,Electrical,Part,30313,EL,30313,AA,OBSOLETE,EL-30313-AA,,,
,,No,No,,Electrical,Part,30314,EL,30314,AA,OBSOLETE,EL-30314-AA,,,
,,No,No,,Electrical,Part,30315,EL,30315,AA,OBSOLETE,EL-30315-AA,,,
,,No,No,,Frame & Body,Part,40316,FR,40316,AA,OBSOLETE,FR-40316-AA,,,
,,No,No,,"Wheels, Wheel Bearings & Tires",Part,80317,WT,80317,AA,Current,WT-80317-AA,,,Rear Hub
,,No,No,,Electrical,Part,30318,EL,30318,AA,OBSOLETE,EL-30318-AA,,,PCB
,,No,No,,"Wheels, Wheel Bearings & Tires",Part,80319,WT,80319,AA,Current,WT-80319-AA,,,Tripod Sleeve
,,No,No,,Frame & Body,Part,40320,FR,40320,AA,OBSOLETE,FR-40320-AA,,,
,,No,No,,Electrical,Part,30321,EL,30321,AA,OBSOLETE,EL-30321-AA,,,Control PCB
,,No,No,,Electrical,Part,30322,EL,30322,AA,OBSOLETE,EL-30322-AA,,,RPM Gauge PCB
,,No,No,,Electrical,Part,30323,EL,30323,AA,OBSOLETE,EL-30323-AA,,,Steering Column Mount Insert
,,No,No,,Frame & Body,Part,40324,FR,40324,AA,OBSOLETE,FR-40324-AA,,,
,,No,No,,"Wheels, Wheel Bearings & Tires",Part,80325,WT,80325,AA,Current,WT-80325-AA,,,Rear Inboard Retaining Ring
,,No,No,,Frame & Body,Part,40326,FR,40326,AA,OBSOLETE,FR-40326-AA,,,
,,No,No,,Frame & Body,Part,40327,FR,40327,AA,OBSOLETE,FR-40327-AA,,,
,,No,No,,Drivetrain,Assembly,20400,DT,A0204,AA,OBSOLETE,DT-A0204-AA,,CV Joints,
,,No,No,,Drivetrain,Part,20401,DT,20401,AA,OBSOLETE,DT-20401-AA,,,
,,No,No,,Frame & Body,Part,40402,FR,40402,AA,OBSOLETE,FR-40402-AA,,,
,,No,No,,Frame & Body,Part,40403,FR,40403,AA,OBSOLETE,FR-40403-AA,,,
,,No,No,,"Wheels, Wheel Bearings & Tires",Part,80404,WT,80404,AA,Current,WT-80404-AA,,,Rear Middle Retaining Ring
,,No,No,,"Wheels, Wheel Bearings & Tires",Part,80405,WT,80405,AA,Current,WT-80405-AA,,,Rear Outboard Retaining Ring
,,No,No,,"Wheels, Wheel Bearings & Tires",Part,80406,WT,80406,AA,Current,WT-80406-AA,,,Rear Reluctor Ring
,,No,No,,"Wheels, Wheel Bearings & Tires",Part,80407,WT,80407,AA,Current,WT-80407-AA,,,Hub Spring Cup
,,No,No,,Frame & Body,Part,40408,FR,40408,AA,OBSOLETE,FR-40408-AA,,,
,,No,No,,"Wheels, Wheel Bearings & Tires",Part,80409,WT,80409,AA,OBSOLETE,WT-80409-AA,,,61812 2RSR-Y Wheel Bearing
,,No,No,,Electrical,Part,30410,EL,30410,AA,OBSOLETE,EL-30410-AA,,,Injector Pigtails
,,No,No,,Frame & Body,Part,40411,FR,40411,AA,OBSOLETE,FR-40411-AA,,,
,,No,No,,Frame & Body,Part,40412,FR,40412,AA,OBSOLETE,FR-40412-AA,,,
,,No,No,,Frame & Body,Part,40413,FR,40413,AA,OBSOLETE,FR-40413-AA,,,
,,No,No,,Frame & Body,Part,40414,FR,40414,AA,OBSOLETE,FR-40414-AA,,,
,,No,No,,Drivetrain,Assembly,20500,DT,A0205,AA,OBSOLETE,DT-A0205-AA,,Differential Bearings,
,,No,No,,Drivetrain,Assembly,20600,DT,A0206,AA,OBSOLETE,DT-A0206-AA,,Differential Mounts Assy.,
,,No,No,,Electrical,Part,30601,EL,30601,AA,OBSOLETE,EL-30601-AA,,,
,,No,No,,Frame & Body,Part,40602,FR,40602,AA,OBSOLETE,FR-40602-AA,,,Electrical Enclosure
,,No,No,,Electrical,Part,30603,EL,30603,AA,OBSOLETE,EL-30603-AA,,,
,,No,No,,Electrical,Part,30604,EL,30604,AA,OBSOLETE,EL-30604-AA,,,
,,No,No,,"Wheels, Wheel Bearings & Tires",Part,80605,WT,80605,AA,OBSOLETE,WT-80605-AA,,,61813 2RSR-Y Wheel Bearing
,,No,No,,Frame & Body,Part,40606,FR,40606,AA,OBSOLETE,FR-40606-AA,,,
,,No,No,,Frame & Body,Part,40607,FR,40607,AA,OBSOLETE,FR-40607-AA,,,
,,No,No,,Steering System,Part,60608,ST,60608,AA,OBSOLETE,ST-60608-AA,,,Paddle Pivot Hardstop
,,No,No,,"Misc, Finish, Assembly",Part,50609,MS,50609,AA,OBSOLETE,MS-50609-AA,,,
,,No,No,,Frame & Body,Part,40610,FR,40610,AA,OBSOLETE,FR-40610-AA,,,AIP Inserts
,,No,No,,Frame & Body,Part,40611,FR,40611,AA,OBSOLETE,FR-40611-AA,,,Main Hoop Insert
,,No,No,,Steering System,Part,60612,ST,60612,AA,OBSOLETE,ST-60612-AA,,,Carbon Shifter Paddles (OLD)
,,No,No,,Frame & Body,Part,40613,FR,40613,AA,OBSOLETE,FR-40613-AA,,,Front Roll Hoop
,,No,No,,Frame & Body,Part,40614,FR,40614,AA,OBSOLETE,FR-40614-AA,,,Harness Mount
,,No,No,,Frame & Body,Part,40615,FR,40615,AA,OBSOLETE,FR-40615-AA,,,Harness Mount - RHS
,,No,No,,Drivetrain,Part,20616,DT,20616,AA,OBSOLETE,DT-20616-AA,,,Dailey Engineering Scavenge Pump
,,No,No,,Drivetrain,Part,20617,DT,20617,AA,OBSOLETE,DT-20617-AA,,,Coolant Outlet Port
,,No,No,,Drivetrain,Part,20618,DT,20618,AA,OBSOLETE,DT-20618-AA,,,Coolant Inlet Port
,,No,No,,Frame & Body,Part,40619,FR,40619,AA,OBSOLETE,FR-40619-AA,,,Composite Chassis
,,No,No,,Frame & Body,Part,40620,FR,40620,AA,OBSOLETE,FR-40620-AA,,,Anti Intrusion Diagonal
,,No,No,,Electrical,Part,30621,EL,30621,AA,OBSOLETE,EL-30621-AA,,,
,,No,No,,Frame & Body,Part,40622,FR,40622,AA,OBSOLETE,FR-40622-AA,,,Anti-Intrusion Plate Insert Backing Plates
,,No,No,,Steering System,Part,60623,ST,60623,AA,OBSOLETE,ST-60623-AA,,,Faceplate Screen Cover
,,No,No,,Frame & Body,Part,40624,FR,40624,AA,OBSOLETE,FR-40624-AA,,,
,,No,No,,Frame & Body,Part,40625,FR,40625,AA,OBSOLETE,FR-40625-AA,,,
,,No,No,,Frame & Body,Assembly,40700,FR,A0407,AA,OBSOLETE,FR-A0407-AA,,Tube Subframe - Rear,
,,No,No,,Steering System,Part,60701,ST,60701,AA,OBSOLETE,ST-60701-AA,,,Faceplate Gasket
,,No,No,,Steering System,Part,60702,ST,60702,AA,OBSOLETE,ST-60702-AA,,,Metal Paddle Shifters
,,No,No,,"Misc, Finish, Assembly",Assembly,50800,MS,A0508,AA,OBSOLETE,MS-A0508-AA,,Impact Attenuator,
,,No,No,,Drivetrain,Part,20801,DT,20801,AA,OBSOLETE,DT-20801-AA,,,
,,No,No,,"Misc, Finish, Assembly",Part,50802,MS,50802,AA,OBSOLETE,MS-50802-AA,,,Impact Attenuator
,,No,No,,"Wheels, Wheel Bearings & Tires",Part,80803,WT,80803,AA,Current,WT-80803-AA,,,8-32x0.5 Wirelock Socket Head Cap Screw
,,No,No,,Drivetrain,Part,20804,DT,20804,AA,OBSOLETE,DT-20804-AA,,,
,,No,No,,"Wheels, Wheel Bearings & Tires",Part,80805,WT,80805,AA,Current,WT-80805-AA,,,61815-2RSR-Y Wheel Bearing
,,No,No,,Electrical,Part,30806,EL,30806,AA,OBSOLETE,EL-30806-AA,,,
,,No,No,,Electrical,Part,30807,EL,30807,AA,OBSOLETE,EL-30807-AA,,,
,,No,No,,Frame & Body,Part,40808,FR,40808,AA,OBSOLETE,FR-40808-AA,,,Medium Load Inserts
,,No,No,,"Wheels, Wheel Bearings & Tires",Part,80809,WT,80809,AA,Current,WT-80809-AA,,,1692K290 Hub Spring
,,No,No,,"Wheels, Wheel Bearings & Tires",Part,80810,WT,80810,AA,OBSOLETE,WT-80810-AA,,,8-32x1.0 Wirelock Socket Head Cap Screw
,,No,No,,"Wheels, Wheel Bearings & Tires",Assembly,80900,WT,A0809,AA,Current,WT-A0809-AA,,Banana for Scale,
,,No,No,,Drivetrain,Part,20901,DT,20901,AA,OBSOLETE,DT-20901-AA,,,Exhaust Manifold Retaining Spring
,,No,No,,"Wheels, Wheel Bearings & Tires",Part,80902,WT,80902,AA,Current,WT-80902-AA,,,Banana
,,No,No,,Electrical,Part,30903,EL,30903,AA,OBSOLETE,EL-30903-AA,,,
,,No,No,,Electrical,Part,30904,EL,30904,AA,OBSOLETE,EL-30904-AA,,,
,,No,No,,Electrical,Part,30905,EL,30905,AA,OBSOLETE,EL-30905-AA,,,
,,No,No,,Electrical,Part,30906,EL,30906,AA,OBSOLETE,EL-30906-AA,,,
,,No,No,,Frame & Body,Part,40907,FR,40907,AA,OBSOLETE,FR-40907-AA,,,Access Hole Cover
,,No,No,,Electrical,Part,30908,EL,30908,AA,OBSOLETE,EL-30908-AA,,,
,,No,No,,Electrical,Part,30909,EL,30909,AA,OBSOLETE,EL-30909-AA,,,
,,No,No,,Electrical,Part,30910,EL,30910,AA,OBSOLETE,EL-30910-AA,,,
,,No,No,,Frame & Body,Part,40911,FR,40911,AA,OBSOLETE,FR-40911-AA,,,
,,No,No,,Drivetrain,Part,20912,DT,20912,AA,OBSOLETE,DT-20912-AA,,,Fuel Rail Bracket
,,No,No,,Electrical,Part,30913,EL,30913,AA,OBSOLETE,EL-30913-AA,,,
,,No,No,,Electrical,Part,30914,EL,30914,AA,OBSOLETE,EL-30914-AA,,,
,,No,No,,Electrical,Part,30915,EL,30915,AA,OBSOLETE,EL-30915-AA,,,
,,No,No,,Electrical,Part,30916,EL,30916,AA,OBSOLETE,EL-30916-AA,,,
,,No,No,,Electrical,Part,30917,EL,30917,AA,OBSOLETE,EL-30917-AA,,,
,,No,No,,Electrical,Part,30918,EL,30918,AA,OBSOLETE,EL-30918-AA,,,
,,No,No,,"Wheels, Wheel Bearings & Tires",Assembly,81000,WT,A0810,AA,Current,WT-A0810-AA,,Front Hubs,
,,No,No,,Electrical,Part,31001,EL,31001,AA,OBSOLETE,EL-31001-AA,,,Wheel Speed Sensors
,,No,No,,Electrical,Part,31002,EL,31002,AA,OBSOLETE,EL-31002-AA,,,Shock Position Sensors
,,No,No,,Electrical,Part,31003,EL,31003,AA,OBSOLETE,EL-31003-AA,,,Brake Temp Sensors
,,No,No,,"Wheels, Wheel Bearings & Tires",Part,81004,WT,81004,AA,Current,WT-81004-AA,,,Front Hub
,,No,No,,Electrical,Part,31005,EL,31005,AA,OBSOLETE,EL-31005-AA,,,
,,No,No,,Electrical,Assembly,31100,EL,A0311,AA,OBSOLETE,EL-A0311-AA,,Mini-BCM,Not in 2026 Car
,,No,No,,Frame & Body,Part,41101,FR,41101,AA,OBSOLETE,FR-41101-AA,,,Pedal Box Rails
,,No,No,,Electrical,Part,31102,EL,31102,AA,OBSOLETE,EL-31102-AA,,,PCB
,,No,No,,Electrical,Part,31103,EL,31103,AA,OBSOLETE,EL-31103-AA,,,3D printed case
,,No,No,,Frame & Body,Part,41104,FR,41104,AA,OBSOLETE,FR-41104-AA,,,Brake Pedal Rail Tabs
,,No,No,,Electrical,Part,31105,EL,31105,AA,OBSOLETE,EL-31105-AA,,,Mounting hardware
,,No,No,,Electrical,Part,31106,EL,31106,AA,OBSOLETE,EL-31106-AA,,,2 Pin DTM
,,No,No,,Frame & Body,Part,41107,FR,41107,AA,OBSOLETE,FR-41107-AA,,,
,,No,No,,Frame & Body,Assembly,41200,FR,A0412,AA,OBSOLETE,FR-A0412-AA,,Throttle Pedal Assembly,
,,No,No,,Electrical,Part,31201,EL,31201,AA,OBSOLETE,EL-31201-AA,,,3 Pin DTM
,,No,No,,Electrical,Part,31202,EL,31202,AA,OBSOLETE,EL-31202-AA,,,4 Pin DTM
,,No,No,,Electrical,Part,31203,EL,31203,AA,OBSOLETE,EL-31203-AA,,,6 Pin DTM
,,No,No,,Electrical,Part,31204,EL,31204,AA,OBSOLETE,EL-31204-AA,,,9 Pin DTM
,,No,No,,Electrical,Part,31205,EL,31205,AA,OBSOLETE,EL-31205-AA,,,12 Pin DTM
,,No,No,,Electrical,Part,31206,EL,31206,AA,OBSOLETE,EL-31206-AA,,,26 Pin AMP
,,No,No,,Electrical,Part,31207,EL,31207,AA,OBSOLETE,EL-31207-AA,,,34 Pin AMP
,,No,No,,Drivetrain,Assembly,21300,DT,A0213,AA,OBSOLETE,DT-A0213-AA,,Fuel Tank Assy.,
,,No,No,,Drivetrain,Assembly,21400,DT,A0214,AA,OBSOLETE,DT-A0214-AA,,Fuel Vent/Check Valve,
,,No,No,,Electrical,Part,31401,EL,31401,AA,OBSOLETE,EL-31401-AA,,,16 Pin Circular (PDM)
,,No,No,,Electrical,Part,31402,EL,31402,AA,OBSOLETE,EL-31402-AA,,,19 Pin Circular (PDM)
,,No,No,,Electrical,Part,31403,EL,31403,AA,OBSOLETE,EL-31403-AA,,,47 Pin Circular
,,No,No,,Electrical,Part,31404,EL,31404,AA,OBSOLETE,EL-31404-AA,,,2 Pin OEM
,,No,No,,Electrical,Part,31405,EL,31405,AA,OBSOLETE,EL-31405-AA,,,5 Pin Generic
,,No,No,,Electrical,Part,31406,EL,31406,AA,OBSOLETE,EL-31406-AA,,,22 Pin Circular (AiM)
,,No,No,,Electrical,Part,31407,EL,31407,AA,OBSOLETE,EL-31407-AA,,,37 Pin Circular (AiM)
,,No,No,,Electrical,Part,31408,EL,31408,AA,OBSOLETE,EL-31408-AA,,,2 Pin DT
,,No,No,,Drivetrain,Assembly,21500,DT,A0215,AA,OBSOLETE,DT-A0215-AA,,Restrictor Upper Washer,*Weight including restrictor
,,No,No,,Electrical,Part,31501,EL,31501,AA,OBSOLETE,EL-31501-AA,,,MXL2
,,No,No,,Electrical,Part,31502,EL,31502,AA,OBSOLETE,EL-31502-AA,,,EVO 5
,,No,No,,Electrical,Assembly,31600,EL,A0316,AA,OBSOLETE,EL-A0316-AA,,BSPD,
,,No,No,,Electrical,Part,31601,EL,31601,AA,OBSOLETE,EL-31601-AA,,,BSPD PCB
,,No,No,,Frame & Body,Part,41602,FR,41602,AA,OBSOLETE,FR-41602-AA,,,
,,No,No,,Frame & Body,Part,41603,FR,41603,AA,OBSOLETE,FR-41603-AA,,,
,,No,No,,Electrical,Part,31604,EL,31604,AA,OBSOLETE,EL-31604-AA,,,DCDC Converter
,,No,No,,Frame & Body,Part,41605,FR,41605,AA,OBSOLETE,FR-41605-AA,,,Stopper
,,No,No,,Electrical,Part,31606,EL,31606,AA,OBSOLETE,EL-31606-AA,,,Enclosure
,,No,No,,Electrical,Part,31607,EL,31607,AA,OBSOLETE,EL-31607-AA,,,Mounting hardware
,,No,No,,Frame & Body,Part,41608,FR,41608,AA,OBSOLETE,FR-41608-AA,,,
,,No,No,,Frame & Body,Part,41609,FR,41609,AA,OBSOLETE,FR-41609-AA,,,
,,No,No,,Electrical,Part,31610,EL,31610,AA,OBSOLETE,EL-31610-AA,,,"Gasket 1/16"""
,,No,No,,Electrical,Part,31611,EL,31611,AA,OBSOLETE,EL-31611-AA,,,O-Rings 
,,No,No,,Electrical,Part,31612,EL,31612,AA,OBSOLETE,EL-31612-AA,,,Metal Plate
,,No,No,,Drivetrain,Part,21613,DT,21613,AA,OBSOLETE,DT-21613-AA,,,90 Degree Bend (intake)
,,No,No,,Drivetrain,Part,21614,DT,21614,AA,OBSOLETE,DT-21614-AA,,,Intake Straight tube
,,No,No,,Drivetrain,Part,21615,DT,21615,AA,OBSOLETE,DT-21615-AA,,,Exhuast Straight tube
,,No,No,,Drivetrain,Part,21616,DT,21616,AA,OBSOLETE,DT-21616-AA,,,Perforated Pipe
,,No,No,,Drivetrain,Part,21617,DT,21617,AA,OBSOLETE,DT-21617-AA,,,90 Degree Bend (tailpipe)
,,No,No,,Drivetrain,Part,21618,DT,21618,AA,OBSOLETE,DT-21618-AA,,,Tailpipe Straight Tube
,,No,No,,Drivetrain,Part,21619,DT,21619,AA,OBSOLETE,DT-21619-AA,,,"Transition 2"" to 1.5"""
,,No,No,,Drivetrain,Part,21620,DT,21620,AA,OBSOLETE,DT-21620-AA,,,Fiberglass Packing Material
,,No,No,,Drivetrain,Part,21621,DT,21621,AA,OBSOLETE,DT-21621-AA,,,7 Degree muffler offset tube
,,No,No,,Drivetrain,Part,21622,DT,21622,AA,OBSOLETE,DT-21622-AA,,,Baffle
,,No,No,,Drivetrain,Part,21623,DT,21623,AA,OBSOLETE,DT-21623-AA,,,V Band Flange
,,No,No,,Drivetrain,Part,21624,DT,21624,AA,OBSOLETE,DT-21624-AA,,,Straight Flange after intake 90
,,No,No,,Drivetrain,Part,21625,DT,21625,AA,OBSOLETE,DT-21625-AA,,,
,,No,No,,Drivetrain,Part,21626,DT,21626,AA,OBSOLETE,DT-21626-AA,,,
,,No,No,,Drivetrain,Part,21627,DT,21627,AA,OBSOLETE,DT-21627-AA,,,
,,No,No,,Drivetrain,Part,21628,DT,21628,AA,OBSOLETE,DT-21628-AA,,,
,,No,No,,Drivetrain,Part,21629,DT,21629,AA,OBSOLETE,DT-21629-AA,,,
,,No,No,,Drivetrain,Part,21630,DT,21630,AA,OBSOLETE,DT-21630-AA,,,
,,No,No,,Drivetrain,Part,21631,DT,21631,AA,OBSOLETE,DT-21631-AA,,,BF Valve Body
,,No,No,,Drivetrain,Part,21632,DT,21632,AA,OBSOLETE,DT-21632-AA,,,BF Valve Plate
,,No,No,,Drivetrain,Part,21633,DT,21633,AA,OBSOLETE,DT-21633-AA,,,BF Valve Shaft
,,No,No,,Drivetrain,Part,21634,DT,21634,AA,OBSOLETE,DT-21634-AA,,,TB Damper Mount
,,No,No,,Drivetrain,Part,21635,DT,21635,AA,OBSOLETE,DT-21635-AA,,,Throttle Damper
,,No,No,,Drivetrain,Part,21636,DT,21636,AA,OBSOLETE,DT-21636-AA,,,TB Rotational Spring Torsion Spring 
,,No,No,,Drivetrain,Part,21637,DT,21637,AA,OBSOLETE,DT-21637-AA,,,Spring Stopper Spacer
,,No,No,,Drivetrain,Part,21638,DT,21638,AA,OBSOLETE,DT-21638-AA,,,TB Return Spring_Extension
,,No,No,,Drivetrain,Part,21639,DT,21639,AA,OBSOLETE,DT-21639-AA,,,TB Torsion Spring Stopper
,,No,No,,Drivetrain,Part,21640,DT,21640,AA,OBSOLETE,DT-21640-AA,,,TB Bearing locknut
,,No,No,,Drivetrain,Part,21641,DT,21641,AA,OBSOLETE,DT-21641-AA,,,TB 10mm Bushing
,,No,No,,Drivetrain,Part,21642,DT,21642,AA,OBSOLETE,DT-21642-AA,,,Rivet Nut
,,No,No,,Drivetrain,Part,21643,DT,21643,AA,OBSOLETE,DT-21643-AA,,,TB Cable Mount
,,No,No,,Drivetrain,Part,21644,DT,21644,AA,OBSOLETE,DT-21644-AA,,,TB Cam
,,No,No,,Drivetrain,Part,21645,DT,21645,AA,OBSOLETE,DT-21645-AA,,,"TB Cam Cap, Inner"
,,No,No,,Drivetrain,Part,21646,DT,21646,AA,OBSOLETE,DT-21646-AA,,,"TB Cam Cap, Outter"
,,No,No,,Drivetrain,Part,21647,DT,21647,AA,OBSOLETE,DT-21647-AA,,,TB O-ring
,,No,No,,Drivetrain,Part,21648,DT,21648,AA,OBSOLETE,DT-21648-AA,,,Idle Screw
,,No,No,,Drivetrain,Part,21649,DT,21649,AA,OBSOLETE,DT-21649-AA,,,TB Sensor Spacer
,,No,No,,Drivetrain,Part,21650,DT,21650,AA,OBSOLETE,DT-21650-AA,,,Idle Jam Screw
,,No,No,,Electrical,Part,31651,EL,31651,AA,OBSOLETE,EL-31651-AA,,,Metal Plate
,,No,No,,Electrical,Part,31652,EL,31652,AA,OBSOLETE,EL-31652-AA,,,Metal Plate
,,No,No,,Electrical,Assembly,31700,EL,A0317,AA,OBSOLETE,EL-A0317-AA,,,Metal Plate
,,No,No,,Electrical,Part,31701,EL,31701,AA,OBSOLETE,EL-31701-AA,,,Metal Plate
,,No,No,,Electrical,Part,31702,EL,31702,AA,OBSOLETE,EL-31702-AA,,,Metal Plate
,,No,No,,Electrical,Part,31703,EL,31703,AA,OBSOLETE,EL-31703-AA,,,Metal Plate
,,No,No,,Electrical,Part,31704,EL,31704,AA,OBSOLETE,EL-31704-AA,,,Metal Plate
,,No,No,,Electrical,Part,31705,EL,31705,AA,OBSOLETE,EL-31705-AA,,,Metal Plate
,,No,No,,"Wheels, Wheel Bearings & Tires",Part,81706,WT,81706,AA,Current,WT-81706-AA,,,61812 2RSR-Y Wheel Bearing
,,No,No,,"Wheels, Wheel Bearings & Tires",Part,81707,WT,81707,AA,Current,WT-81707-AA,,,61813 2RSR-Y Wheel Bearing
,,No,No,,"Wheels, Wheel Bearings & Tires",Part,81708,WT,81708,AA,Current,WT-81708-AA,,,Bearing Preload Nut (reluctor ring)
,,No,No,,Suspension,Part,71709,SU,71709,AA,OBSOLETE,SU-71709-AA,,,Mount Bearing Housing
,,No,No,,Steering System,Part,61710,ST,61710,AA,OBSOLETE,ST-61710-AA,,,WALL BRKT
,,No,No,,Steering System,Part,61711,ST,61711,AA,OBSOLETE,ST-61711-AA,,,
,,No,No,,Suspension,Part,71712,SU,71712,AA,OBSOLETE,SU-71712-AA,,,Bearing Inner Sleeve
,,No,No,,Suspension,Part,71713,SU,71713,AA,OBSOLETE,SU-71713-AA,,,Bearing Outer Sleeve
,,No,No,,Suspension,Part,71714,SU,71714,AA,OBSOLETE,SU-71714-AA,,,Bearing Housing Cover
,,No,No,,Suspension,Part,71715,SU,71715,AA,OBSOLETE,SU-71715-AA,,,Bearing Shell
,,No,No,,Suspension,Part,71716,SU,71716,AA,OBSOLETE,SU-71716-AA,,,Bearing Housing Steel Cover
,,No,No,,Suspension,Part,71717,SU,71717,AA,OBSOLETE,SU-71717-AA,,,Mount Bearings
,,No,No,,Suspension,Part,71718,SU,71718,AA,OBSOLETE,SU-71718-AA,,,Blade Bolts
,,No,No,,Suspension,Part,71719,SU,71719,AA,OBSOLETE,SU-71719-AA,,,Blade Nuts